date,IDXUS,LCAP,BRDX,SMRT,SCAP,INTL,EMKT,BNDX,REIT,GOLD
2016-01-04,100.4419,100.4396,100.3999,100.2940,100.0766,100.9464,100.8787,99.9588,100.5153,99.2930
2016-01-05,98.3205,98.3287,98.4835,98.7022,98.7464,99.5256,99.5031,99.4423,98.3188,100.5775
2016-01-06,98.5708,98.5738,98.7944,98.6837,99.4312,99.2418,99.4758,99.7947,98.3995,101.8830
2016-01-07,97.4926,97.4911,97.8372,98.0191,98.9254,98.1833,98.4311,99.8528,97.4265,102.8317
2016-01-08,97.6431,97.6338,98.0055,98.5491,98.9171,98.1815,98.6427,99.8898,97.5425,103.5516
2016-01-11,97.5037,97.5119,97.8780,98.3450,98.7447,97.9912,99.3018,100.0210,96.9481,103.5099
2016-01-12,96.7987,96.8161,97.0945,97.4808,97.4152,97.0184,97.1182,100.0680,96.4031,103.1494
2016-01-13,96.3316,96.3492,96.4998,96.9194,95.5657,96.2787,97.8519,99.9284,95.6532,102.3606
2016-01-14,96.8264,96.8488,96.9469,97.6235,95.7968,96.8987,98.9932,100.4308,96.3413,102.0248
2016-01-15,96.9037,96.9312,97.0728,97.6696,96.0726,96.9603,97.8431,99.8506,96.3177,101.9822
2016-01-18,97.5953,97.6280,97.7840,98.7646,97.0288,97.3089,98.6419,99.6898,96.8316,102.6531
2016-01-19,96.3983,96.4482,96.5175,96.9767,94.7944,96.1636,97.2119,99.2712,95.3851,104.0369
2016-01-20,96.7203,96.7674,96.7416,97.3073,94.4172,96.0197,99.0406,98.9797,96.0639,102.6565
2016-01-21,96.5525,96.6020,96.6252,97.1571,94.5841,96.3129,99.4087,99.4107,96.3845,102.1841
2016-01-22,96.8189,96.8634,97.0394,97.4933,95.9507,97.6952,99.8586,99.6806,96.2954,103.2838
2016-01-25,96.3447,96.3850,96.4866,96.7597,95.2713,97.0471,99.4718,100.0795,95.8749,104.9003
2016-01-26,95.7160,95.7536,95.9140,95.9987,94.8116,96.3026,98.4675,99.6271,95.0522,107.0811
2016-01-27,95.9209,95.9615,96.1059,96.2335,94.9208,97.0813,99.5731,99.3431,94.7364,106.4210
2016-01-28,96.1176,96.1531,96.2241,96.1974,94.7949,97.3694,100.0223,99.7703,94.9548,105.5468
2016-01-29,95.1568,95.1931,95.2301,95.3378,93.1018,97.1219,98.5812,99.6439,94.2348,105.8549
2016-02-01,96.9249,96.9379,97.0162,96.5653,95.2845,99.3797,100.5528,99.1251,95.6092,107.7204
2016-02-02,98.2912,98.3104,98.2818,97.4500,96.3066,100.3748,101.2178,98.5765,96.2017,107.4408
2016-02-03,96.7846,96.8057,96.7947,96.1164,94.1439,98.6469,99.4492,98.8916,94.9170,108.8288
2016-02-04,95.6082,95.6421,95.7248,95.0623,93.8118,97.9703,98.9873,99.0529,93.7841,108.9650
2016-02-05,94.9825,95.0077,95.2057,94.5790,93.9014,97.1547,97.1361,98.8126,93.5917,109.0404
2016-02-08,95.5064,95.5398,95.7255,94.7411,94.5426,98.0033,98.3156,99.0808,94.0189,107.9116
2016-02-09,95.2817,95.3192,95.4959,94.8357,94.0873,97.7574,99.0670,98.8369,93.7652,108.1062
2016-02-10,95.9290,95.9724,96.1564,95.4553,94.6845,98.8934,99.4656,98.9713,94.3641,108.3770
2016-02-11,94.8777,94.9312,95.2078,94.7485,94.0512,98.1960,99.5749,98.5409,93.6048,107.0265
2016-02-12,94.9011,94.9641,95.2132,94.5375,93.6936,98.3678,99.0317,98.3279,93.5968,106.7384
2016-02-15,95.7510,95.8068,96.1045,95.2341,95.1644,99.3937,99.9578,98.7724,94.4716,107.0947
2016-02-16,96.0700,96.1268,96.2799,95.3330,94.6639,99.3045,99.9555,98.7560,95.1812,106.9466
2016-02-17,95.8370,95.8866,96.0108,94.6837,94.0307,99.6545,98.6582,98.6392,95.2782,105.8843
2016-02-18,95.9626,96.0142,96.0690,94.6528,93.6538,100.2124,99.6326,98.1724,94.9355,104.6904
2016-02-19,95.0948,95.1449,95.1522,93.3317,92.1296,99.6693,98.8019,98.0849,94.3506,104.6384
2016-02-22,94.2762,94.3259,94.3913,92.7259,91.5974,98.5079,97.8212,97.9802,93.6175,103.1884
2016-02-23,95.0665,95.1078,95.1385,93.3862,92.1315,99.3109,97.6983,98.3487,94.3010,101.8177
2016-02-24,95.5574,95.5954,95.6328,93.9150,92.4413,99.7415,98.0231,97.9788,94.6401,102.7081
2016-02-25,95.3122,95.3456,95.3139,93.8274,91.8530,99.1570,97.3016,97.5084,94.3671,104.0441
2016-02-26,95.6256,95.6769,95.7299,94.0891,93.1255,99.7577,96.4792,97.7929,94.6269,104.8109
2016-02-29,96.1601,96.2011,96.2666,94.3911,94.3435,100.1556,96.4555,98.2677,95.7574,106.1338
2016-03-01,96.2474,96.2924,96.2496,94.1937,93.8580,99.7671,95.8187,99.0295,96.0610,105.2054
2016-03-02,94.7439,94.7912,94.7007,92.3020,91.8585,98.8837,95.0726,98.6443,95.2361,105.9225
2016-03-03,93.7934,93.8522,93.8663,91.4179,91.1035,98.5480,93.8007,98.9447,94.4107,106.6946
2016-03-04,93.3683,93.4351,93.4480,91.2885,90.5081,98.2000,93.5611,99.0099,93.6460,106.6696
2016-03-07,93.9081,93.9831,93.9611,91.7159,91.0979,98.6874,93.7502,98.7868,93.9498,107.1889
2016-03-08,94.6103,94.6821,94.7800,92.5514,93.2002,98.7148,94.0212,98.2386,94.2454,106.2393
2016-03-09,94.0803,94.1560,94.2879,92.1157,92.4343,99.0182,94.2910,97.6426,93.3668,105.9254
2016-03-10,94.1101,94.1906,94.2797,91.9188,92.4807,99.4122,94.3948,97.4204,93.3708,107.1436
2016-03-11,92.6675,92.7605,92.9236,90.7871,91.1916,97.5534,92.3165,97.8817,92.1076,107.2325
2016-03-14,93.3735,93.4658,93.5802,91.5011,92.0199,98.3583,93.8334,98.3662,93.6064,108.6994
2016-03-15,93.0984,93.1912,93.3157,91.4343,92.1104,98.2028,93.0256,98.0337,93.2179,110.3420
2016-03-16,94.4646,94.5673,94.6466,92.7689,93.7219,99.2824,94.8488,98.5920,95.1022,110.3391
2016-03-17,93.9768,94.0797,94.1782,92.0138,93.2077,98.7983,93.9527,99.4468,95.1100,111.8081
2016-03-18,93.4234,93.5271,93.6891,91.4221,93.1733,98.8860,93.0402,99.4749,95.0394,111.9858
2016-03-21,93.8566,93.9588,94.0370,91.1802,93.0867,98.9476,92.0155,99.4395,95.1502,113.5861
2016-03-22,94.3987,94.4939,94.6805,92.1102,94.4068,100.0827,92.9235,98.9379,94.8696,113.9169
2016-03-23,94.7518,94.8387,94.9986,92.2886,94.4146,100.0621,93.6325,99.1017,95.2773,112.0461
2016-03-24,94.6170,94.7093,94.8050,92.1699,94.0584,99.7248,93.9912,98.5668,95.2842,112.2650
2016-03-25,94.7733,94.8699,95.0561,92.2165,95.4731,99.8007,94.2619,98.4273,95.1796,113.6370
2016-03-28,94.6365,94.7233,94.9182,92.3021,95.3413,99.2836,93.6132,98.3820,95.6597,113.7484
2016-03-29,93.4336,93.5244,93.7577,91.5799,94.0627,97.2288,90.9829,98.9203,95.2896,114.6964
2016-03-30,93.1363,93.2273,93.5470,91.9000,94.1792,96.6558,90.2845,98.6831,95.0903,113.0350
2016-03-31,92.3796,92.4786,92.8147,90.9787,93.1863,96.8465,90.2002,98.4185,94.1320,111.9389
2016-04-01,92.7993,92.9036,93.3134,91.3802,94.1466,97.2623,89.7965,98.5205,94.1955,112.2313
2016-04-04,93.1482,93.2552,93.6542,92.1273,94.3152,97.8541,91.2988,98.7682,94.8685,111.9488
2016-04-05,93.6643,93.7677,94.2275,92.7849,95.3890,98.4749,91.4455,98.9478,95.4908,112.2523
2016-04-06,92.8413,92.9364,93.3610,91.8311,93.8038,97.6109,89.6198,99.9322,94.9793,113.1656
2016-04-07,92.7683,92.8517,93.3426,92.1557,94.1980,97.1797,89.1183,99.9852,95.0081,114.9102
2016-04-08,93.2555,93.3468,93.8453,92.7946,95.0528,97.5785,89.9411,99.5897,94.9939,117.2188
2016-04-11,94.0462,94.1496,94.6199,93.4136,96.0551,98.4390,90.8982,99.5889,95.4797,119.1094
2016-04-12,93.8973,94.0031,94.4478,93.1020,95.3982,97.8830,91.0830,100.3875,95.2259,118.1334
2016-04-13,94.7330,94.8402,95.3405,93.6430,96.9708,98.6385,91.0233,99.7967,95.4000,116.8343
2016-04-14,94.9783,95.0838,95.6553,93.8667,97.8632,98.9087,90.5134,100.2709,95.1714,115.5832
2016-04-15,95.2713,95.3925,96.0331,94.6680,98.8465,98.9999,91.6898,100.2260,95.3825,116.0021
2016-04-18,94.4879,94.5933,95.3718,94.5312,98.6622,98.6622,92.0811,100.7152,95.4511,114.2198
2016-04-19,95.3762,95.4781,96.2000,95.2882,99.2015,99.5680,92.5696,100.8675,96.0802,113.9438
2016-04-20,95.4261,95.5170,96.0792,95.1453,97.8778,99.4326,92.6927,100.8575,95.4612,113.4758
2016-04-21,95.0307,95.1259,95.5505,94.8270,96.3592,99.2273,91.6972,100.8229,95.2152,112.4452
2016-04-22,94.0630,94.1752,94.5384,93.8709,94.4593,98.9688,91.3664,100.5579,94.5183,112.4166
2016-04-25,93.6014,93.7117,94.1933,93.2611,94.8075,98.6157,92.7562,100.6928,93.8918,111.5218
2016-04-26,94.0541,94.1670,94.6338,93.7342,95.6574,98.9519,91.9628,100.9060,94.6155,111.5757
2016-04-27,94.2618,94.3812,95.0013,94.2823,97.1585,99.3454,92.5844,101.5235,94.7754,111.1511
2016-04-28,94.0524,94.1746,94.7444,93.6647,96.8482,99.1591,91.3483,101.8543,94.6610,111.6958
2016-04-29,93.8720,93.9957,94.6216,93.7678,97.0639,99.6390,91.8480,101.7889,94.5525,112.2422
2016-05-02,93.9837,94.0985,94.6814,93.6896,96.3750,99.1391,91.5196,102.0730,94.8856,112.4761
2016-05-03,95.1855,95.3094,95.9566,95.1655,98.4469,100.4765,92.7014,101.9303,96.1774,112.4454
2016-05-04,95.5717,95.6906,96.1754,95.5122,97.7582,100.6305,93.2819,101.7507,96.2958,113.0524
2016-05-05,95.5339,95.6448,96.1599,95.5654,98.1743,100.7609,93.5752,101.7425,96.3518,113.1648
2016-05-06,95.5678,95.6775,96.2618,95.4798,98.6881,101.0319,93.9514,102.2234,96.1404,112.7808
2016-05-09,95.3257,95.4203,95.9721,95.2314,97.8396,100.7161,95.0714,101.3645,95.9408,112.6031
2016-05-10,95.2401,95.3306,95.9553,95.2647,98.3942,100.0619,94.7796,101.4078,95.8054,111.3514
2016-05-11,95.6532,95.7469,96.3440,95.3779,98.5808,100.4797,95.0369,101.3350,95.8099,110.3191
2016-05-12,94.9117,94.9964,95.7401,94.6864,97.7295,99.2240,94.1308,101.7608,95.3138,111.8469
2016-05-13,94.9625,95.0473,95.8323,95.1731,98.2595,99.2416,94.5499,102.2859,95.3164,111.6798
2016-05-16,96.0091,96.0867,96.8570,95.8001,99.5882,100.3659,95.8626,101.7784,95.8122,110.2399
2016-05-17,96.3873,96.4730,97.1736,96.2021,99.9484,101.1361,96.4414,101.9739,96.5006,110.0018
2016-05-18,95.9890,96.0635,96.6967,95.8125,99.3766,101.0393,96.6247,101.5136,96.2235,112.3801
2016-05-19,96.9909,97.0746,97.7067,96.9601,100.4551,101.7026,97.4377,101.1912,97.1805,112.2863
2016-05-20,97.9684,98.0576,98.5423,97.6873,100.6724,102.9920,98.5102,101.1026,98.0928,110.2646
2016-05-23,97.4927,97.5857,98.0903,97.2986,100.1830,102.4222,98.4891,101.9436,97.9875,109.9994
2016-05-24,98.3473,98.4346,99.0170,98.3292,101.7061,103.5069,100.4164,101.4712,98.0164,110.1543
2016-05-25,99.1246,99.2106,99.8672,99.0410,103.1059,104.6578,101.2719,101.9172,98.9918,109.2566
2016-05-26,98.9217,99.0060,99.6157,98.8337,102.7982,104.9128,101.0625,102.2580,98.6535,108.9224
2016-05-27,99.6954,99.7778,100.4102,99.8262,103.8366,105.1151,99.9173,101.9809,99.2705,109.7808
2016-05-30,99.9324,100.0096,100.5958,99.9578,104.0956,104.5402,100.0655,101.2961,99.7783,110.1124
2016-05-31,100.2632,100.3458,101.0153,100.1855,105.0045,104.7853,100.9993,101.8946,100.1074,109.8444
2016-06-01,100.6654,100.7403,101.4298,100.6858,105.9055,105.1510,101.3423,101.7486,100.6684,108.4082
2016-06-02,100.9836,101.0575,101.7125,101.1469,106.2923,105.4111,101.7994,101.6956,100.9350,110.4099
2016-06-03,100.8959,100.9608,101.6073,100.8387,105.6920,105.2258,101.8823,101.5860,100.2270,109.4405
2016-06-06,100.6188,100.7018,101.2148,100.1083,104.6737,104.8478,101.9047,101.0347,99.1354,109.0557
2016-06-07,100.8470,100.9310,101.4609,100.2686,105.0693,105.3541,101.4868,100.5943,99.1233,109.0092
2016-06-08,99.5591,99.6199,100.3062,98.9882,104.3643,104.3182,99.4735,101.6362,98.8015,109.8659
2016-06-09,98.8870,98.9444,99.7091,98.1557,103.7927,103.4197,98.8082,101.2864,97.8621,110.1362
2016-06-10,99.6646,99.7210,100.4507,98.6781,104.6880,104.1132,100.3490,101.0766,98.5509,108.5190
2016-06-13,99.9168,99.9772,100.6590,98.8473,104.2907,104.2197,100.1475,101.2898,99.0754,108.0401
2016-06-14,99.8401,99.8931,100.5747,98.3867,103.9113,104.4151,99.6621,101.6267,99.4567,107.7351
2016-06-15,99.0534,99.1085,99.7820,97.9689,102.8886,103.5845,99.2165,101.9945,99.3971,108.7948
2016-06-16,99.7253,99.7746,100.4107,98.5948,103.7310,104.1529,100.3608,101.9020,100.2349,108.6920
2016-06-17,99.2604,99.3018,99.9923,98.2997,103.1091,104.0573,100.5504,101.8538,99.4777,108.0942
2016-06-20,99.5433,99.5915,100.3172,98.8752,103.7186,104.4491,102.0532,101.8222,100.0641,107.5280
2016-06-21,100.0512,100.1001,100.8254,99.1032,103.8211,104.3912,104.4921,101.6340,100.3777,107.6863
2016-06-22,100.5077,100.5496,101.3266,99.5599,104.3049,104.7205,104.8325,101.5298,100.5152,107.7264
2016-06-23,99.9663,100.0063,100.8401,99.1836,104.3883,104.1962,102.3982,101.3913,99.8950,107.2454
2016-06-24,100.0229,100.0639,100.9569,99.4308,104.3343,103.2463,102.4882,101.4261,99.8516,107.5022
2016-06-27,101.3742,101.4256,102.3294,100.6374,105.7630,104.8175,105.0018,101.3783,100.9580,107.6824
2016-06-28,101.1289,101.1830,101.9741,100.4445,105.0925,104.8403,105.6633,101.7536,100.3298,106.7501
2016-06-29,100.9819,101.0308,101.8203,100.1111,105.2246,105.2316,105.8622,101.9077,100.1633,106.2685
2016-06-30,101.1725,101.2184,102.0211,100.5559,104.6617,105.2862,106.8139,102.3944,100.8930,108.4268
2016-07-01,100.1468,100.1778,100.9102,99.5050,103.0815,104.2708,106.2289,102.8628,100.5714,107.4637
2016-07-04,100.3475,100.3691,101.1427,99.8767,103.4573,104.4752,105.8049,102.8961,101.0058,107.7089
2016-07-05,101.7474,101.7650,102.4601,101.2322,104.6474,105.2969,106.5020,103.1465,102.4292,107.8751
2016-07-06,102.4455,102.4668,103.1178,101.8179,105.4689,105.7716,106.4164,102.8197,102.9925,107.3298
2016-07-07,101.9581,101.9790,102.5915,101.2975,104.3511,104.7714,105.6530,102.5069,102.4797,106.6700
2016-07-08,102.0438,102.0646,102.5260,101.1769,103.6252,104.8239,105.8612,102.4750,102.6517,106.9471
2016-07-11,102.6982,102.7030,103.2227,101.8197,104.6767,105.1590,107.1101,102.5870,102.7876,105.5649
2016-07-12,102.9034,102.9043,103.4250,102.0234,104.8833,105.7211,106.2381,102.9430,103.1841,105.3067
2016-07-13,105.5401,105.5502,106.1736,104.8595,108.9617,107.7198,107.1810,102.8574,105.3100,106.5967
2016-07-14,103.2590,103.2776,103.8051,102.4301,105.4406,106.0716,106.0003,102.0808,102.9236,107.4114
2016-07-15,104.3424,104.3755,104.9156,103.7679,106.8909,107.6454,108.0869,102.0546,104.1361,106.6794
2016-07-18,103.3899,103.4159,103.8105,102.3613,104.4685,106.6401,108.5056,101.7759,103.1905,108.2256
2016-07-19,103.1237,103.1521,103.5488,102.1058,104.0335,105.7143,109.1192,101.7886,103.1285,107.1116
2016-07-20,102.5630,102.6011,103.0117,101.7329,103.7105,105.4402,109.8234,102.2914,102.9464,105.9093
2016-07-21,101.6926,101.7225,102.1110,100.9656,102.2800,104.5495,108.8642,102.5654,102.3144,106.9526
2016-07-22,102.1447,102.1643,102.6051,101.0138,102.6911,105.0867,109.7950,102.5398,101.9339,106.0077
2016-07-25,103.0327,103.0484,103.4187,101.7603,103.1901,106.2006,110.3018,102.4513,102.6059,106.2554
2016-07-26,104.0115,104.0252,104.3910,102.8588,104.6911,106.6697,110.6325,102.1532,103.8583,108.2928
2016-07-27,98.5766,98.5859,98.9338,97.8091,97.9725,102.2051,104.4673,102.2255,99.6640,108.2856
2016-07-28,97.6202,97.6327,97.9651,96.8788,96.5317,101.6037,104.0049,102.4061,98.6684,108.7579
2016-07-29,99.8526,99.8631,100.1624,98.8623,98.7150,104.2760,106.4116,102.3019,100.2586,111.5489
2016-08-01,100.0055,100.0252,100.2484,99.3142,99.2589,104.0478,106.8866,102.3522,100.2090,111.4668
2016-08-02,99.4972,99.5095,99.6323,98.6470,97.8888,103.0702,106.9773,102.6415,99.6256,108.4145
2016-08-03,98.2384,98.2526,98.4410,97.2253,96.8426,102.0628,105.2302,102.4605,98.7715,108.3625
2016-08-04,97.3678,97.3821,97.5551,95.9826,95.8624,101.5510,104.5208,101.9575,97.3407,108.7078
2016-08-05,98.5313,98.5522,98.7782,97.2932,97.2547,102.7808,104.8476,101.8748,98.4570,110.6255
2016-08-08,97.7256,97.7449,98.0527,96.8563,96.9128,101.1718,103.6948,102.3333,97.9917,110.7967
2016-08-09,98.8919,98.9030,99.1835,97.9755,98.0733,102.8788,105.3106,102.6119,98.8404,111.5474
2016-08-10,101.3243,101.3333,101.6393,100.3418,100.9304,104.6186,108.1104,102.3960,100.4248,111.1634
2016-08-11,101.6771,101.6861,101.8061,100.2266,100.3254,105.4111,108.1467,102.1424,100.6438,110.7813
2016-08-12,100.9658,100.9848,101.0101,99.5475,99.1566,104.9596,106.6359,102.1469,100.0842,109.5411
2016-08-15,100.6282,100.6502,100.6516,99.3066,98.8756,104.8649,107.1784,102.2468,100.1563,108.7813
2016-08-16,101.9227,101.9437,101.9132,100.5076,100.3361,105.3147,109.0779,102.4002,102.1788,109.5731
2016-08-17,102.4759,102.4956,102.3793,101.3096,100.3723,105.3807,108.6147,102.2692,102.8796,110.6993
2016-08-18,101.9836,102.0047,101.9396,100.5539,100.3827,104.2643,108.2646,102.3723,102.5436,111.1903
2016-08-19,100.9785,100.9878,100.9896,100.0848,99.3887,103.3496,108.5414,102.3736,102.0245,112.2293
2016-08-22,102.4372,102.4484,102.3681,101.5787,100.9548,104.7933,110.7531,101.9542,102.8880,112.2731
2016-08-23,104.4286,104.4367,104.2906,103.1930,103.1717,105.8947,112.1837,102.5855,104.3626,113.4678
2016-08-24,104.0981,104.1130,104.0542,103.2661,103.3257,104.8341,111.4891,102.1123,104.1691,114.5406
2016-08-25,103.3610,103.3597,103.3381,102.4915,102.4944,104.8053,110.4076,102.4280,103.6438,115.3622
2016-08-26,102.6612,102.6702,102.6936,102.0303,102.1317,104.0617,110.5119,102.4931,103.3456,115.7837
2016-08-29,103.0235,103.0451,103.0329,101.7794,102.5269,104.4037,110.8321,103.2408,103.3254,116.6855
2016-08-30,102.9582,102.9918,103.0348,101.6739,102.8745,104.2163,110.1813,103.3950,103.8296,117.8030
2016-08-31,103.4682,103.4949,103.4867,102.6299,103.2318,104.8039,111.7539,103.9709,105.1347,118.7751
2016-09-01,103.4374,103.4695,103.5588,102.6159,103.6839,104.7622,112.0574,103.2338,104.8832,117.5268
2016-09-02,105.0633,105.1047,105.2017,104.4690,106.0194,105.2529,112.0623,103.6779,106.7925,118.1482
2016-09-05,104.7654,104.8049,104.8497,104.2838,105.5713,105.2250,111.5587,103.5389,106.4975,118.4782
2016-09-06,103.5172,103.5601,103.6048,102.5817,104.3863,104.2146,111.1362,104.2397,105.6285,118.2401
2016-09-07,103.8766,103.9236,103.9872,102.4482,104.7952,104.4028,110.8524,104.8520,105.6573,119.2181
2016-09-08,103.6545,103.7036,103.7823,102.3517,104.7029,103.7099,110.4805,104.4875,105.1409,118.8068
2016-09-09,102.9430,102.9839,103.0517,101.8383,103.6176,103.1624,109.2169,104.9131,104.7214,117.9252
2016-09-12,102.5741,102.6168,102.6014,101.1835,102.3748,102.7186,108.2294,104.7701,104.1537,115.7260
2016-09-13,102.8617,102.9062,102.8640,101.5943,102.9177,102.2457,108.7312,105.0596,105.4269,115.1034
2016-09-14,102.2698,102.3192,102.3076,101.1426,102.0029,101.7641,109.3236,105.6398,105.1525,114.7658
2016-09-15,103.5950,103.6503,103.6557,102.3334,103.7542,103.6232,110.7041,105.4599,106.3415,115.2455
2016-09-16,105.7822,105.8448,105.8226,104.0403,106.4265,105.6262,112.7311,105.3261,108.1667,113.6999
2016-09-19,107.4020,107.4752,107.4420,105.4673,108.9973,106.7888,113.3827,105.0180,109.2084,114.2534
2016-09-20,109.3909,109.4516,109.2848,107.0962,110.4683,107.9490,117.1024,106.0029,111.9021,114.2650
2016-09-21,109.8711,109.9340,109.6927,107.5537,110.7190,108.9858,118.3592,106.2570,112.6451,115.0631
2016-09-22,109.2287,109.2929,109.1836,107.3650,110.6257,108.9480,118.5073,105.7754,111.7932,114.9755
2016-09-23,108.2422,108.3094,108.2227,106.2034,109.6702,108.5636,118.0447,106.4772,110.9883,117.2100
2016-09-26,108.9722,109.0344,109.0570,107.1445,110.9663,108.6737,119.2693,106.5716,111.9040,117.3358
2016-09-27,107.6859,107.7523,107.7979,105.7987,109.5917,108.1370,117.8640,106.2885,111.1210,119.2429
2016-09-28,108.1925,108.2664,108.3944,106.7082,110.8874,108.5767,118.8194,106.4832,111.9686,120.0443
2016-09-29,107.7007,107.7715,107.8585,106.2401,110.3716,107.8639,117.4986,107.0220,112.1700,118.9907
2016-09-30,107.5946,107.6608,107.8249,106.2830,110.8337,108.1520,117.0542,107.3694,112.8023,117.8059
2016-10-03,106.4775,106.5499,106.7687,105.2693,109.8570,107.7806,113.8229,107.4784,111.9356,118.5002
2016-10-04,104.6261,104.6834,104.9005,103.5784,107.4623,105.7241,113.2259,107.2535,110.0603,120.4867
2016-10-05,103.9078,103.9657,104.1094,103.4907,106.1116,105.8280,113.1942,107.0401,109.8679,120.2859
2016-10-06,104.7979,104.8595,105.0296,104.6801,107.3743,106.3445,114.5620,107.3308,110.9793,120.2044
2016-10-07,105.6629,105.7223,105.8481,105.5094,107.6738,106.5109,115.4876,107.3949,111.8350,120.0475
2016-10-10,106.5124,106.5689,106.6924,106.3874,108.2590,107.4055,116.1621,107.6113,111.7601,119.9302
2016-10-11,105.1936,105.2492,105.3604,105.7924,106.7330,106.2346,114.7788,108.3149,111.3107,119.4025
2016-10-12,105.2387,105.2826,105.4106,105.5513,106.5453,106.3701,113.5044,108.5230,111.5123,119.8381
2016-10-13,105.0522,105.0919,105.2247,105.5750,106.3294,107.0154,113.5176,108.8831,111.4052,119.8994
2016-10-14,105.6454,105.6967,105.7818,105.9014,106.6213,107.0689,112.2790,108.7762,111.4782,119.3491
2016-10-17,105.4505,105.5002,105.6441,105.9481,106.7441,106.7113,113.4665,109.0202,111.4098,118.4896
2016-10-18,105.6026,105.6651,105.6374,105.4755,106.3518,106.5652,112.6970,108.9279,111.1129,118.1240
2016-10-19,106.6452,106.6975,106.7180,106.2321,108.1489,107.6551,114.2860,109.4439,112.5025,117.8646
2016-10-20,107.5771,107.6282,107.6448,107.4752,109.1321,107.9686,116.1669,109.4464,113.9665,118.5880
2016-10-21,106.9513,106.9999,107.0766,106.8568,108.7678,107.4457,115.2041,109.9626,112.9835,117.9650
2016-10-24,107.9397,107.9940,108.0670,108.2039,109.8982,107.9918,116.6838,110.0272,113.8481,116.2292
2016-10-25,107.3756,107.4407,107.5756,107.6378,109.5752,107.7859,116.7645,110.2726,113.4428,116.7856
2016-10-26,107.5613,107.6299,107.8194,107.7396,109.8749,107.8697,117.2649,109.8066,112.5983,116.4865
2016-10-27,108.2512,108.3173,108.5988,108.3630,111.5240,107.6773,117.7376,110.2226,112.7845,116.4271
2016-10-28,108.2577,108.3256,108.6813,108.8039,111.7775,107.9780,118.3868,110.2757,112.6628,117.6344
2016-10-31,108.2811,108.3533,108.7142,109.0826,111.6020,108.1877,118.8864,109.8420,112.7632,119.8097
2016-11-01,109.9699,110.0509,110.2701,110.4992,112.8908,109.3778,120.4714,109.2091,114.0404,120.1199
2016-11-02,109.3754,109.4544,109.6537,110.0170,111.9772,108.7475,119.8482,108.6617,113.9235,119.3060
2016-11-03,110.3754,110.4440,110.5792,110.7286,113.0122,109.6633,121.2487,108.7786,115.1256,118.2982
2016-11-04,109.7635,109.8268,109.9151,109.9862,112.2461,108.4623,120.9395,109.1928,114.6887,118.6265
2016-11-07,109.3087,109.3671,109.4795,109.2440,111.9598,108.0638,119.0194,108.9715,114.4200,116.8372
2016-11-08,108.4895,108.5496,108.6666,108.5423,110.5459,108.4119,118.1527,109.7890,114.1366,116.5290
2016-11-09,108.2186,108.2810,108.5094,108.4192,110.9263,107.9724,117.6907,110.2317,113.8808,116.4460
2016-11-10,107.6628,107.7119,108.0633,108.3551,111.1300,107.7642,117.7044,109.0786,112.9572,117.2906
2016-11-11,107.1009,107.1513,107.6092,108.0340,111.6187,107.1858,117.3867,109.1207,112.1269,119.5714
2016-11-14,106.4762,106.5144,107.0242,107.2465,111.1256,106.3859,117.5278,109.5621,111.7345,116.9223
2016-11-15,106.8905,106.9250,107.4589,107.6254,111.7962,106.6443,116.5315,109.2686,111.9970,115.9021
2016-11-16,106.6519,106.6890,107.0556,107.2271,109.9845,106.5180,115.9906,109.4399,111.7015,117.4794
2016-11-17,107.3215,107.3606,107.7046,107.5590,110.5679,106.5693,116.5613,109.7468,112.6495,117.9160
2016-11-18,106.5287,106.5508,106.9689,107.1000,109.5813,105.9831,115.4893,109.7619,112.7182,118.2943
2016-11-21,107.3835,107.4190,107.7253,107.4990,110.0455,106.5549,114.9774,109.0184,113.3687,115.4889
2016-11-22,107.0215,107.0553,107.2866,107.4722,109.4624,106.1669,114.0407,109.1705,113.5210,116.9230
2016-11-23,107.1095,107.1536,107.4316,107.4214,109.8406,106.3210,114.8037,109.3088,113.2733,116.3049
2016-11-24,107.0210,107.0765,107.1996,107.0862,109.0270,105.9659,116.0660,109.7609,113.1129,114.7350
2016-11-25,107.1378,107.1964,107.2003,107.4891,108.5214,105.6773,116.2929,109.9310,114.0889,116.5231
2016-11-28,107.3986,107.4488,107.4693,107.9647,108.9417,105.6271,116.6495,110.3549,114.0309,115.6701
2016-11-29,107.4732,107.5216,107.6510,108.3883,109.4697,106.0220,116.9736,110.6220,114.4728,114.8873
2016-11-30,107.5368,107.5872,107.7488,108.5231,109.6293,106.5152,116.6314,109.6351,114.3006,116.1771
2016-12-01,106.6365,106.6790,106.8813,107.5944,108.7413,105.7869,116.4314,109.5918,113.3458,118.1589
2016-12-02,106.1230,106.1669,106.2738,106.8528,107.8202,105.3972,116.6607,109.8664,113.2347,119.5922
2016-12-05,105.6934,105.7239,105.8426,106.3496,107.2705,104.9859,114.8860,109.6611,112.7966,119.1401
2016-12-06,104.7596,104.7792,104.8800,105.3825,105.8400,103.8475,115.0693,109.1243,111.6589,119.5317
2016-12-07,105.4093,105.4189,105.5264,106.2343,106.3884,104.4567,115.0266,108.5630,111.8026,118.1908
2016-12-08,105.1908,105.2006,105.4293,106.1733,107.0409,103.9694,114.9710,108.6879,111.5094,117.7732
2016-12-09,106.0662,106.0740,106.1880,107.2942,107.3613,105.1340,116.1580,109.0182,113.4207,116.4279
2016-12-12,104.9249,104.9240,105.0776,105.8247,106.2007,104.6097,115.3339,109.2362,112.3950,115.7779
2016-12-13,107.0022,107.0172,106.9818,107.6731,107.5368,107.0265,118.3410,108.9044,113.4775,113.0906
2016-12-14,107.3249,107.3473,107.3294,108.0026,108.1891,107.9329,119.4115,108.3012,113.2168,112.4925
2016-12-15,107.6567,107.6665,107.6897,108.5561,109.6382,108.1072,119.9245,108.7351,114.4167,109.8210
2016-12-16,107.6302,107.6387,107.6511,108.5116,109.6674,107.8732,119.3175,108.9887,114.5054,109.3177
2016-12-19,107.3534,107.3612,107.4765,108.5111,109.7818,107.5317,119.5235,108.8019,113.9857,110.7566
2016-12-20,106.5571,106.5666,106.6164,107.6727,107.8913,106.4797,120.0017,108.7474,113.1849,110.0553
2016-12-21,106.7389,106.7572,106.6743,108.0770,107.1371,106.5808,120.9980,109.0127,113.9088,109.8593
2016-12-22,106.2869,106.3169,106.2650,107.6184,106.7210,106.0330,122.1204,108.8376,113.5193,108.7260
2016-12-23,106.8136,106.8360,106.8300,108.4166,107.3642,106.3268,123.0352,109.0339,114.3501,108.3545
2016-12-26,106.8181,106.8391,106.8655,108.2385,107.5595,106.4028,122.5678,108.7476,113.5323,109.8764
2016-12-27,107.7895,107.7915,107.8668,109.0778,108.6415,106.5216,123.0435,109.2619,114.7642,111.3597
2016-12-28,107.4827,107.4757,107.6905,108.7664,109.2485,106.5029,123.5859,109.2734,114.4545,112.1038
2016-12-29,107.2535,107.2432,107.4464,109.0661,108.5742,106.0329,123.2503,109.5060,113.9895,111.9807
2016-12-30,107.0378,107.0275,107.1504,109.1002,107.9680,105.8869,122.2973,109.6630,114.5000,112.9346
2017-01-02,107.1356,107.1223,107.1848,109.1158,108.0088,106.1935,121.2099,109.1071,114.7368,115.0374
2017-01-03,107.9075,107.8886,107.9723,110.1162,109.0194,107.2574,122.0587,109.2593,115.3129,114.2876
2017-01-04,109.1510,109.1399,109.0927,110.6518,109.9958,109.1531,122.9813,109.7649,117.0196,113.8955
2017-01-05,108.5968,108.6054,108.6937,110.2070,110.3955,108.8464,124.4653,109.7753,116.4886,114.8528
2017-01-06,107.6408,107.6417,107.7326,109.4695,109.1150,108.8017,125.2001,109.6869,116.3369,115.2169
2017-01-09,108.0452,108.0555,107.9924,110.3295,108.7515,109.1301,126.2768,109.3129,117.1005,116.4472
2017-01-10,107.8867,107.9028,107.9610,110.6036,109.8238,108.9543,127.7406,109.6490,117.4514,118.3695
2017-01-11,107.1967,107.2102,107.2922,109.8059,108.7040,108.4071,125.6665,109.3951,116.6750,118.2038
2017-01-12,107.8546,107.8608,107.8554,110.2624,109.3214,109.1826,127.1456,108.9499,117.4048,117.5934
2017-01-13,107.7359,107.7400,107.7580,110.2372,108.9260,108.9318,127.5784,109.2617,116.8549,119.3040
2017-01-16,107.9467,107.9484,107.9775,109.9812,108.9822,108.7989,128.8552,109.9341,116.9362,119.1915
2017-01-17,107.0826,107.0974,107.1383,108.8439,108.0386,108.5550,130.7177,110.0666,116.7952,118.2413
2017-01-18,106.3042,106.3306,106.3778,108.0641,107.3517,108.2470,130.6211,109.9555,115.6664,117.9657
2017-01-19,104.9639,104.9916,105.0053,106.4831,105.6391,106.2109,129.4982,110.1095,113.7499,117.7973
2017-01-20,104.9934,105.0193,105.0319,106.4018,105.6512,106.3881,128.6062,109.6871,113.4619,118.5081
2017-01-23,105.1463,105.1679,105.2520,106.7576,106.0397,105.8662,129.0877,110.2647,113.8451,119.1022
2017-01-24,106.1386,106.1632,106.1627,107.5637,106.7793,106.6342,129.8180,110.1701,114.9956,119.0052
2017-01-25,106.5607,106.5880,106.5112,107.6706,107.1694,106.6609,129.9413,110.3688,115.1489,119.7754
2017-01-26,105.8100,105.8399,105.7589,107.1936,105.9725,105.7320,128.6308,110.3377,114.3116,118.9107
2017-01-27,105.8148,105.8459,105.7020,107.2838,105.4207,105.4642,127.9721,110.2073,114.9077,117.8776
2017-01-30,107.9397,107.9641,107.8442,109.0289,108.3053,106.6733,131.6851,109.2563,116.0018,118.3737
2017-01-31,109.6397,109.6557,109.5405,110.4464,110.9552,107.6524,132.1232,109.5526,117.5935,117.5694
2017-02-01,109.8406,109.8420,109.7896,110.5889,111.4563,107.4157,131.6966,109.2443,117.7800,119.5297
2017-02-02,110.5576,110.5580,110.4966,110.9621,111.8655,107.0020,132.5934,108.4434,117.4792,119.5097
2017-02-03,112.0606,112.0658,111.8923,112.4081,112.9244,107.5904,134.1802,108.8341,119.3585,118.7978
2017-02-06,112.6931,112.6985,112.5142,113.4519,113.7110,107.4065,135.7836,109.3683,120.7673,118.2738
2017-02-07,114.7192,114.7221,114.4934,115.1009,115.7894,109.4468,137.6623,109.2356,122.6114,118.7306
2017-02-08,115.2802,115.2780,115.0209,115.3831,116.3812,109.3832,138.1826,109.3759,123.0957,118.9184
2017-02-09,115.9535,115.9446,115.7527,116.5393,117.8559,110.3312,137.9608,109.5495,123.6806,118.9444
2017-02-10,115.0586,115.0497,114.9699,115.7260,117.8194,110.2882,137.1595,109.5210,122.9855,118.9482
2017-02-13,118.0597,118.0527,117.9129,118.7257,121.0762,112.6837,139.8044,109.7445,126.3599,118.2801
2017-02-14,119.2861,119.2800,119.0559,119.7963,121.7842,113.4964,140.4767,109.7504,127.5484,119.3604
2017-02-15,117.9297,117.9212,117.7066,118.7042,120.3775,112.5512,137.5517,110.3240,127.2947,118.4784
2017-02-16,118.0134,118.0118,117.8738,119.0713,121.1113,112.4222,137.5681,110.2359,127.2106,116.0746
2017-02-17,118.5014,118.4933,118.4524,119.6683,122.3537,113.0419,137.6358,110.0875,127.4065,117.2878
2017-02-20,119.0343,119.0079,118.8556,120.0076,122.1531,114.2489,138.8554,109.9265,128.2611,117.0782
2017-02-21,119.1286,119.0953,118.8302,119.8900,122.2088,114.3290,139.3090,109.1586,127.9137,117.7384
2017-02-22,117.9170,117.8796,117.6854,118.6832,121.2261,112.4682,137.5570,108.8569,126.2094,117.1187
2017-02-23,117.5779,117.5299,117.2773,118.1578,119.7857,112.5971,136.7293,109.5867,125.8471,117.1357
2017-02-24,117.3608,117.3095,117.2029,118.0989,119.9498,112.4452,138.3102,108.9935,125.4492,116.9447
2017-02-27,116.4557,116.3964,116.2232,117.5141,118.4947,110.4921,137.1101,108.8104,124.8991,115.2205
2017-02-28,116.8229,116.7605,116.5832,117.4537,118.8373,110.3154,138.1116,109.0904,125.7895,117.2170
2017-03-01,116.4488,116.3916,116.1557,117.2013,117.9230,109.3973,137.2932,108.8563,125.3145,118.1112
2017-03-02,115.9593,115.8959,115.6733,116.5423,117.1590,108.7927,139.7052,108.9750,124.6035,119.1853
2017-03-03,116.6701,116.6037,116.4791,117.5246,118.8416,110.0136,141.0724,108.4802,125.1798,119.3674
2017-03-06,117.4066,117.3486,117.1053,117.9676,119.0471,110.4844,141.8712,109.0729,125.5381,120.2865
2017-03-07,118.3404,118.2829,118.0153,118.5813,120.4599,110.7907,142.4360,109.3495,126.8032,119.7459
2017-03-08,118.4654,118.4036,118.1313,118.6189,120.9875,110.7342,142.3110,109.3120,126.9019,120.6374
2017-03-09,117.8179,117.7457,117.3892,117.9734,119.8903,111.1507,141.1095,109.6393,126.2984,121.0341
2017-03-10,116.7708,116.6941,116.2010,116.8249,118.1195,110.1337,139.5003,109.2958,125.2235,122.4706
2017-03-13,117.2211,117.1389,116.5205,116.6547,117.9462,110.1924,139.2297,108.6847,125.4404,122.1118
2017-03-14,116.2978,116.2304,115.6554,115.6337,116.9754,109.5620,139.1822,108.4139,124.1914,123.0237
2017-03-15,116.5572,116.4893,115.9609,116.5780,117.2617,110.0007,139.9651,108.2017,124.5978,122.6601
2017-03-16,116.5477,116.4880,116.0516,116.6354,117.9136,109.9854,140.4943,108.2726,124.5064,122.3098
2017-03-17,115.8516,115.7941,115.3934,116.2574,117.0936,109.4867,140.6926,109.1391,124.4522,123.7258
2017-03-20,117.2751,117.2161,116.8661,117.8840,119.2568,110.1899,142.1121,109.5087,126.1248,124.5326
2017-03-21,117.3519,117.2877,117.0556,118.0225,120.0631,109.9255,140.0941,109.6435,126.1339,124.0739
2017-03-22,116.9224,116.8610,116.6203,117.5598,119.4548,110.3463,140.1809,109.7919,125.9702,122.5887
2017-03-23,119.3838,119.3137,119.1682,119.6953,123.1820,111.9210,142.2069,109.8090,127.9071,122.5796
2017-03-24,118.4366,118.3643,118.2986,118.8926,122.4607,110.8227,140.8683,109.4930,126.4894,123.7181
2017-03-27,120.1005,120.0356,119.9244,120.7562,124.2857,112.0236,144.9658,109.0541,128.3303,123.8378
2017-03-28,118.4547,118.3963,118.3241,119.6414,122.6291,110.5885,143.6182,109.1079,126.4474,124.5182
2017-03-29,117.9555,117.8906,117.9184,119.4158,123.3085,109.9486,144.4290,109.0743,125.6784,125.8520
2017-03-30,116.6491,116.5825,116.8189,118.3972,122.9949,108.7601,144.5269,109.3232,124.3662,126.4529
2017-03-31,114.8389,114.7815,114.9828,116.0704,120.6057,107.3495,142.3950,108.8510,121.6274,123.8240
2017-04-03,114.0692,114.0053,114.2508,115.1396,119.6105,106.6898,142.7041,109.1300,121.2061,123.4387
2017-04-04,114.8551,114.7892,114.9937,115.8874,120.0123,107.1549,145.8517,108.7689,122.0174,122.1372
2017-04-05,116.7843,116.7220,116.8951,117.4863,122.6056,108.6280,148.4714,108.3416,122.9534,123.0555
2017-04-06,114.9866,114.9248,115.0367,115.5745,120.2225,107.0019,146.1371,108.3207,121.6914,122.4222
2017-04-07,115.0396,114.9677,114.9352,115.5628,119.5908,106.5718,147.2013,108.1625,121.2622,122.5801
2017-04-10,116.1071,116.0386,115.9599,116.8674,120.6677,107.0178,148.5035,108.2771,122.3132,120.7201
2017-04-11,116.4966,116.4212,116.4069,117.7772,121.9168,107.7053,148.4213,108.5895,123.2047,122.9268
2017-04-12,117.0375,116.9447,116.9284,118.6778,122.5288,107.9000,149.4720,108.6585,123.5688,123.3643
2017-04-13,113.3777,113.2900,113.2584,115.0223,117.6498,104.6115,144.9706,108.2090,119.7574,124.5817
2017-04-14,112.3990,112.3092,112.3232,114.3108,116.8548,104.1627,143.4551,108.0233,118.5413,126.3522
2017-04-17,111.2622,111.1636,111.3494,113.4613,116.6220,103.6772,142.1569,108.2331,117.4924,126.6475
2017-04-18,110.6855,110.5820,110.8116,112.7315,115.5839,102.7857,141.7118,107.8030,116.5842,127.5841
2017-04-19,111.3632,111.2522,111.4679,113.5620,116.7183,103.4653,143.4645,108.3338,117.9041,128.1155
2017-04-20,111.9451,111.8372,112.0590,114.1949,117.9149,103.4317,143.5977,108.3750,118.6397,127.4493
2017-04-21,110.9441,110.8446,111.0369,113.2980,116.3306,102.7464,143.5923,108.8627,117.9111,129.4120
2017-04-24,111.2708,111.1839,111.3883,113.8239,116.6093,102.8618,143.5240,108.8357,118.1714,129.2224
2017-04-25,112.6657,112.5734,112.7983,115.3520,118.3216,104.5324,145.2641,109.8723,120.3537,128.9219
2017-04-26,112.8729,112.7709,112.9012,115.7983,118.1876,104.8724,145.5205,109.7992,120.4286,128.8336
2017-04-27,113.4703,113.3657,113.4750,116.4316,118.3355,105.1673,145.1301,110.6158,122.2244,129.3100
2017-04-28,113.7041,113.5922,113.6642,116.7704,118.7125,105.5494,144.8528,110.7970,122.3600,130.1813
2017-05-01,114.5131,114.3972,114.3223,117.2441,118.2710,105.9608,145.0964,111.1495,123.4910,128.8826
2017-05-02,115.3155,115.1926,115.0553,117.6774,118.8435,105.6759,145.9365,110.9818,123.8859,126.4654
2017-05-03,114.3563,114.2334,114.1370,116.9361,117.7454,105.5287,146.9078,111.2115,122.7162,127.4785
2017-05-04,115.7366,115.6267,115.4410,118.0081,118.6960,106.8892,149.8073,110.8190,124.2042,126.5297
2017-05-05,115.6831,115.5822,115.3861,118.3110,118.6219,107.6126,150.7631,110.1579,123.7975,129.4288
2017-05-08,114.8580,114.7625,114.5019,117.3337,116.8924,106.9949,149.1009,110.1629,123.1656,128.3877
2017-05-09,116.1671,116.0764,115.9138,118.5865,119.1958,108.2262,150.7654,110.0772,123.7727,128.1453
2017-05-10,116.6471,116.5557,116.4302,118.6770,119.3239,108.7190,151.1616,109.5364,123.9541,129.8845
2017-05-11,116.6269,116.5235,116.3375,118.3599,119.0565,108.6438,151.2639,109.4911,123.5323,128.1154
2017-05-12,115.3173,115.2165,115.1073,117.1353,118.0467,107.9817,150.7994,109.3810,121.8159,127.8770
2017-05-15,115.4194,115.3166,115.2878,117.4055,118.2329,108.0500,149.3985,109.3042,121.3151,126.6188
2017-05-16,115.3464,115.2400,115.2931,117.5576,118.2364,108.3586,148.7851,109.8493,121.9129,126.1720
2017-05-17,115.3483,115.2361,115.3222,117.8698,118.2306,108.5024,147.7732,109.5492,122.1257,126.5730
2017-05-18,115.4158,115.3170,115.2475,117.8934,117.3358,108.9699,148.4511,109.7212,122.5815,125.8838
2017-05-19,116.2870,116.1906,116.1637,119.2539,118.8986,109.2946,148.0103,110.2366,123.1875,124.9399
2017-05-22,116.9192,116.8257,116.7663,119.8744,119.4046,109.9262,149.5179,110.1765,123.9203,124.9753
2017-05-23,115.9092,115.8055,115.6945,118.5431,117.8747,108.5270,147.0350,110.2719,122.8534,125.5424
2017-05-24,115.1051,115.0078,114.9349,118.1083,117.4363,108.2248,145.5068,109.7907,122.3022,123.8231
2017-05-25,115.5947,115.4908,115.5723,119.2248,118.8693,109.1243,146.4820,109.1943,122.9889,124.5718
2017-05-26,115.3099,115.2064,115.3839,119.4240,119.2729,109.6351,146.7126,109.7253,123.3597,126.2232
2017-05-29,115.2191,115.1008,115.1063,119.7643,117.8058,109.1047,146.5733,110.3023,123.9809,126.6622
2017-05-30,113.6891,113.5831,113.6122,118.5056,116.1034,107.8791,147.1902,110.0253,122.5585,128.0790
2017-05-31,114.2641,114.1601,114.2173,119.4957,117.2685,108.1130,146.3261,110.5551,123.3114,129.3702
2017-06-01,114.1671,114.0629,114.1409,119.6382,117.6419,107.7342,144.0316,110.5227,123.2903,127.7923
2017-06-02,114.9158,114.8121,114.7861,120.4352,117.7261,108.5390,145.3938,110.7169,124.0282,128.8134
2017-06-05,114.8934,114.7897,114.9109,121.0513,119.3958,108.1800,144.7681,111.4473,124.4284,129.0323
2017-06-06,114.0430,113.9455,113.9285,119.8049,117.1187,107.9283,144.4427,111.3863,123.3454,127.5577
2017-06-07,114.7292,114.6297,114.5944,120.4170,117.4020,108.6043,145.3218,111.2032,123.8430,127.0107
2017-06-08,114.1842,114.0759,114.1074,120.1456,116.8471,108.2469,146.8098,111.1969,123.0224,125.7728
2017-06-09,114.3157,114.1908,114.1942,120.5221,116.8265,108.7401,148.3277,111.0856,123.7339,126.1252
2017-06-12,114.5797,114.4617,114.4348,120.8008,117.1044,108.9318,149.2497,111.4494,124.5069,125.6876
2017-06-13,113.2198,113.1023,113.1565,119.5303,115.4527,108.8970,148.7897,111.9060,123.9082,124.8128
2017-06-14,113.4894,113.3750,113.2506,119.7256,114.4826,109.3462,148.4613,111.9046,124.8737,125.6877
2017-06-15,113.6640,113.5499,113.4155,119.8216,114.8492,110.0341,148.0590,111.7555,124.6777,125.5799
2017-06-16,113.3250,113.2053,113.1116,119.2709,114.6929,109.7049,148.1099,111.3765,123.5007,121.6875
2017-06-19,114.4638,114.3423,114.2528,121.0072,116.1264,111.2135,148.8110,110.5681,124.6658,123.9078
2017-06-20,113.5203,113.3988,113.3409,119.8406,115.2431,110.6186,148.9059,110.0509,122.9207,123.3546
2017-06-21,115.7688,115.6439,115.5296,121.8719,118.0365,112.6931,154.0449,110.0555,124.8338,122.1668
2017-06-22,116.3067,116.1782,116.1753,122.7782,119.2058,112.9909,155.4497,110.9468,125.6364,121.0151
2017-06-23,115.1882,115.0640,115.1744,121.7950,118.8004,111.5341,153.3444,111.4499,124.7344,118.6508
2017-06-26,114.5991,114.4771,114.6808,121.4375,118.9340,111.1838,150.6622,111.4583,124.6463,118.1593
2017-06-27,114.2893,114.1732,114.4090,121.3205,118.9783,110.1492,152.6344,110.7744,123.8490,119.8449
2017-06-28,114.6303,114.5287,114.9089,121.7980,121.1942,110.1618,153.7176,110.3680,123.5014,121.7645
2017-06-29,113.5112,113.4076,113.9260,121.0440,120.7875,108.8121,150.9971,110.4992,122.2791,121.0940
2017-06-30,112.4804,112.3815,112.9460,120.3474,119.8271,107.5871,149.6321,110.5403,121.2400,122.0411
2017-07-03,113.5542,113.4598,114.0908,121.4341,121.7306,108.7501,150.4636,110.4718,121.9710,121.6496
2017-07-04,112.1355,112.0491,112.6208,120.3008,119.2517,107.2220,148.6407,110.7026,120.7068,121.1391
2017-07-05,112.3854,112.3058,112.7883,120.4626,118.8257,107.8078,148.5415,111.4270,120.6235,121.7057
2017-07-06,111.9470,111.8847,112.3948,120.5486,118.3145,107.1319,146.6233,111.1154,119.9773,121.9900
2017-07-07,111.7574,111.6963,112.2075,120.4012,117.8131,107.8014,146.1063,110.7384,119.1489,123.0962
2017-07-10,111.7618,111.7189,112.0963,119.8849,117.0789,108.0448,145.5290,110.5012,118.7399,121.3657
2017-07-11,111.6317,111.5932,111.8166,119.9939,115.8461,107.7849,145.0013,110.2705,118.3436,119.5827
2017-07-12,111.7721,111.7429,112.0572,120.8784,116.2959,107.7303,145.4232,109.9918,118.5379,120.4545
2017-07-13,112.0659,112.0213,112.3928,120.8358,116.8043,107.7519,145.8726,110.1717,118.0496,119.9556
2017-07-14,114.4585,114.4313,114.7223,123.5148,119.6181,109.1140,148.5704,110.3355,119.7524,118.4420
2017-07-17,114.7761,114.7579,114.9226,123.8218,118.7300,109.5634,148.9294,110.0817,119.6802,118.6717
2017-07-18,115.2870,115.2863,115.4240,124.2861,118.8974,109.3704,149.2230,110.2256,120.5409,120.4403
2017-07-19,116.1144,116.1106,116.3602,125.8526,121.3822,110.0079,150.2066,110.9647,122.1734,121.0453
2017-07-20,119.1906,119.1895,119.2273,129.0590,123.8009,113.0492,151.7730,110.7206,125.3465,121.2049
2017-07-21,120.1272,120.1262,120.2131,129.8917,125.4149,113.0999,151.6173,110.7191,126.5965,122.9831
2017-07-24,116.4656,116.4700,116.6139,126.0741,121.5002,110.5457,147.5166,110.4703,123.4922,123.2182
2017-07-25,112.9993,112.9933,113.3464,122.9960,117.6561,107.9900,144.2258,110.2938,119.7255,123.1778
2017-07-26,113.7784,113.7902,114.0718,123.8620,118.0867,108.7369,144.9598,110.0756,120.8740,121.6307
2017-07-27,110.1836,110.1951,110.6417,120.5361,114.4772,105.7251,139.0152,109.9437,117.9857,122.5203
2017-07-28,110.8165,110.8219,111.3068,120.9670,115.0049,105.6933,139.5330,109.6776,118.6893,121.2285
2017-07-31,110.2087,110.2077,110.7281,120.3004,114.1618,105.1278,138.4917,109.4683,117.9651,119.9643
2017-08-01,108.1791,108.1913,108.6965,118.7975,111.4395,102.8566,135.0342,109.3419,117.1233,121.7432
2017-08-02,108.3520,108.3598,108.7747,118.9013,111.1116,103.6277,134.6972,109.5266,117.7911,120.9021
2017-08-03,109.3886,109.3963,109.8166,119.9325,112.1243,104.3855,135.7058,109.5911,119.2066,121.1797
2017-08-04,109.2375,109.2394,109.6369,119.7589,111.9152,104.2126,135.6697,109.7949,118.7574,121.0850
2017-08-07,109.6616,109.6675,109.9289,119.9709,111.9085,104.5487,136.6999,109.9525,119.6642,119.9740
2017-08-08,110.9339,110.9340,111.1492,121.0620,113.2824,104.6942,138.6142,109.5472,120.0985,120.1758
2017-08-09,110.7080,110.7072,110.9320,121.0897,112.6021,104.5991,138.7930,109.8428,119.6670,120.7397
2017-08-10,110.9488,110.9437,111.3026,121.7748,113.7365,106.1411,139.9484,109.8189,119.7604,119.4994
2017-08-11,111.9003,111.8831,112.2060,122.4759,114.4232,106.8865,141.4319,109.9958,120.9336,119.5624
2017-08-14,114.3167,114.2890,114.4504,124.5545,116.0169,108.9017,143.8246,109.0786,122.3039,119.7289
2017-08-15,114.9965,114.9664,115.0559,125.2469,115.8176,109.6329,144.8967,109.8656,122.8163,119.5370
2017-08-16,114.7126,114.6612,114.8814,125.2369,115.9933,109.1925,144.0341,109.9690,122.9561,119.2127
2017-08-17,114.9115,114.8658,115.0884,125.4832,116.3078,109.0159,141.6064,109.8507,122.8736,118.6953
2017-08-18,114.6925,114.6503,114.9879,125.8263,116.7035,109.3997,139.9962,109.4038,122.7621,119.6104
2017-08-21,113.4466,113.4233,113.7424,124.5252,114.8128,108.2267,137.1722,109.3942,122.0029,118.9123
2017-08-22,114.0644,114.0341,114.3224,125.0182,115.5336,109.0444,138.2642,109.4926,122.0835,118.9853
2017-08-23,114.3837,114.3317,114.7266,125.6751,116.6286,109.2562,138.4776,109.3873,121.8817,116.1071
2017-08-24,114.0677,114.0205,114.4356,124.6481,115.9328,109.2314,140.4432,109.5642,121.5681,114.7020
2017-08-25,113.9539,113.9079,114.2211,124.4109,114.9129,109.4438,141.5638,109.2289,121.3094,115.3940
2017-08-28,114.7010,114.6349,114.7897,124.8077,114.7718,109.0700,139.7700,108.7938,122.1047,114.3784
2017-08-29,113.3623,113.2988,113.5469,123.0360,113.4661,108.0101,137.6465,108.6977,120.9616,114.1104
2017-08-30,114.0967,114.0210,114.3052,123.8180,114.3098,109.2453,138.6585,109.0508,121.7292,113.2622
2017-08-31,115.1023,115.0381,115.2692,124.0892,114.8369,109.6564,139.9683,108.7849,122.5089,113.2498
2017-09-01,114.5517,114.4819,114.8232,123.5029,114.6781,108.8319,139.0956,108.7605,122.3666,111.7106
2017-09-04,112.1780,112.0975,112.4606,121.0758,112.0489,107.1213,136.7177,108.8195,119.3617,112.7290
2017-09-05,111.2453,111.1613,111.5440,120.3358,111.3655,106.4764,136.7674,108.1317,118.1388,112.1805
2017-09-06,111.7410,111.6558,111.8981,120.4473,110.9618,106.7200,136.2745,108.1298,118.4753,111.0074
2017-09-07,111.2168,111.1307,111.3515,120.1322,110.2446,106.9392,135.5850,108.7371,118.5213,111.0297
2017-09-08,111.9991,111.9216,112.0989,120.7947,111.1241,107.1519,136.9935,108.5984,118.8499,110.9084
2017-09-11,112.4451,112.3750,112.6271,121.0084,112.3556,107.5785,137.5490,108.4570,119.4368,110.5230
2017-09-12,114.0874,114.0209,114.0852,122.0596,112.4714,109.0250,139.0863,108.6514,121.5002,111.1192
2017-09-13,113.5332,113.4879,113.6494,121.8762,112.1702,108.6173,139.7082,108.7841,121.4230,111.7963
2017-09-14,112.8993,112.8612,113.0003,120.8362,111.5882,108.3208,139.0579,108.4604,120.4332,111.9204
2017-09-15,113.2617,113.2280,113.3765,121.4092,112.4395,109.3017,138.6506,108.7602,121.2130,111.1624
2017-09-18,113.3382,113.3015,113.4069,121.0253,111.8399,109.1294,138.6984,108.6011,120.5116,110.6344
2017-09-19,113.6677,113.6283,113.8087,121.2760,112.2418,108.7115,139.3203,108.8230,121.4349,111.9916
2017-09-20,113.7703,113.7194,113.9101,121.0704,112.5455,108.4257,138.6787,108.9967,121.6178,112.6847
2017-09-21,114.2151,114.1672,114.3396,121.6452,112.4929,109.1110,138.8578,109.2590,121.7585,114.2093
2017-09-22,115.4287,115.3763,115.4943,122.9657,113.3010,109.3135,138.4167,109.2829,122.8314,114.8684
2017-09-25,115.3298,115.2704,115.5741,123.1997,114.7308,109.1928,139.2664,109.9902,123.1570,113.9238
2017-09-26,114.9419,114.8912,115.1916,122.4948,114.1470,108.8745,138.5324,110.6009,122.9708,112.2271
2017-09-27,115.0362,114.9690,115.2591,122.8797,114.2689,108.6453,138.1154,111.2102,123.7057,110.9358
2017-09-28,115.4377,115.3675,115.5494,122.6550,114.0535,108.8406,138.1966,110.8206,123.7327,112.0747
2017-09-29,114.9397,114.8784,115.0584,122.0569,112.9989,108.6479,137.3942,111.2604,123.3960,112.3440
2017-10-02,115.7827,115.7191,115.8044,122.5824,113.3064,109.2200,138.9017,109.9519,123.1040,112.2471
2017-10-03,116.5175,116.4435,116.5146,123.4064,114.2569,109.8629,142.0982,109.4648,123.7264,113.1243
2017-10-04,115.8758,115.8051,115.8068,122.7631,112.7687,109.8113,140.9380,109.5972,123.0518,113.7639
2017-10-05,114.9572,114.8958,115.0119,122.6044,112.3119,109.1141,139.3280,109.7134,122.0283,113.7425
2017-10-06,115.9172,115.8623,116.0578,123.5821,113.9603,110.3743,141.5771,109.8245,122.8148,113.4323
2017-10-09,116.8542,116.7893,116.9642,124.1782,115.0751,111.2316,143.5457,109.9744,123.2200,111.5039
2017-10-10,117.3800,117.3165,117.5353,124.8509,116.1249,111.8425,143.6028,109.7879,123.1159,111.4327
2017-10-11,117.1157,117.0632,117.2765,124.6461,115.7486,111.0697,144.6646,109.6601,123.6800,111.2417
2017-10-12,116.2892,116.2291,116.6309,124.1275,115.9455,110.0119,142.0021,109.6859,122.7284,111.2750
2017-10-13,116.4663,116.4144,116.8336,124.8992,116.3205,109.8971,143.8758,109.7966,123.5765,111.8290
2017-10-16,115.8696,115.8178,116.3212,124.3602,115.9858,108.9001,144.4894,109.3425,122.9978,111.0736
2017-10-17,115.8062,115.7429,116.1188,123.9026,114.8743,108.8332,143.8466,109.4807,123.6960,112.7687
2017-10-18,115.1979,115.1370,115.4320,123.0067,113.7385,108.7446,143.7627,109.5858,123.0907,113.7824
2017-10-19,114.6884,114.6244,114.9194,122.5525,113.0353,108.2261,142.6377,109.9393,122.4690,115.1565
2017-10-20,115.6101,115.5396,115.7942,123.2735,114.0237,108.9929,143.6878,109.7696,123.2222,116.0285
2017-10-23,114.3608,114.2914,114.5226,122.6185,112.1880,107.0763,140.5652,109.3651,121.8344,116.5294
2017-10-24,113.0957,113.0132,113.1895,120.6574,110.0955,106.4789,138.8293,109.8300,120.8427,116.4612
2017-10-25,113.7251,113.6268,113.8137,121.6082,110.9908,107.4743,140.5806,109.5297,121.6668,114.3982
2017-10-26,111.9581,111.8633,112.0830,120.0574,108.9541,105.6312,138.6911,110.3961,120.2919,115.7512
2017-10-27,111.4652,111.3727,111.5869,119.3380,108.3325,104.5833,136.8174,110.5133,119.6264,116.1835
2017-10-30,111.7002,111.6109,111.8640,119.6611,108.4842,104.8627,137.4172,110.3665,119.7777,115.8265
2017-10-31,111.2029,111.0997,111.2797,118.7505,107.1854,105.4324,137.8841,110.0589,119.5392,115.0152
2017-11-01,111.4188,111.3210,111.5239,118.9944,107.7247,106.2526,137.6413,110.1003,119.7783,113.0375
2017-11-02,111.6129,111.5202,111.6501,119.8857,107.5764,106.4494,138.1848,109.7921,119.7758,111.5116
2017-11-03,111.1650,111.0761,111.1323,119.4542,106.6734,107.0818,137.0827,109.7716,119.5709,111.9057
2017-11-06,109.7782,109.6726,109.9311,118.8266,106.1073,105.7128,135.8508,109.9956,118.6364,113.0595
2017-11-07,110.9118,110.7987,111.0716,120.1581,107.0849,106.1221,136.4131,110.3674,119.9967,112.6134
2017-11-08,110.9067,110.8043,111.1651,120.1382,107.6320,105.9511,137.3009,110.2976,119.3309,110.8340
2017-11-09,111.3644,111.2704,111.6100,120.7646,107.6297,106.5232,138.1538,110.1893,120.3283,111.1139
2017-11-10,110.9367,110.8371,111.2394,120.1182,107.6437,106.6738,136.9233,110.1326,120.1583,113.2952
2017-11-13,111.1662,111.0604,111.4549,120.4921,107.8467,106.1806,135.0015,110.5065,120.6221,113.9483
2017-11-14,111.4496,111.3445,111.6374,120.7208,107.5342,106.0740,133.3077,110.4804,120.5502,114.1829
2017-11-15,111.4749,111.3722,111.6919,120.6364,107.7407,105.9988,133.1319,110.5409,120.3979,113.7064
2017-11-16,111.8965,111.7964,112.2026,120.8546,108.2851,106.1753,133.4228,111.0469,121.2648,113.5571
2017-11-17,112.6248,112.5198,112.8160,121.7996,108.1638,106.6449,133.1462,110.8948,122.3159,113.6867
2017-11-20,113.6902,113.6084,113.9048,123.1662,109.0099,107.6702,135.1632,110.3506,122.7087,112.8300
2017-11-21,115.0644,114.9795,115.0861,124.2763,109.4748,109.0668,135.0837,110.2109,124.2102,110.9418
2017-11-22,114.1613,114.0681,114.1593,123.0717,108.4708,107.9467,133.8379,110.0890,123.8558,110.6786
2017-11-23,115.4063,115.3233,115.3856,124.2601,109.4812,109.2274,137.6271,109.3805,124.8338,111.6430
2017-11-24,115.7463,115.6663,115.5835,124.2365,108.6263,109.5318,138.9418,109.3453,125.0005,113.6183
2017-11-27,115.1155,115.0476,114.9929,123.0065,108.0028,108.4555,138.4341,108.8433,124.5369,114.2471
2017-11-28,113.2737,113.1956,113.0889,121.6438,105.0791,107.3291,136.3410,108.4407,122.9864,116.4810
2017-11-29,113.4989,113.4208,113.2010,121.5604,104.1411,107.4645,136.9014,108.2764,122.9816,115.6463
2017-11-30,114.2637,114.1760,113.9609,122.8475,105.1249,108.1580,138.1172,108.6827,124.5470,115.6474
2017-12-01,113.8415,113.7584,113.3701,121.8514,103.3717,108.4562,138.3336,108.6972,123.9477,116.6917
2017-12-04,113.5655,113.4818,113.1178,121.7238,103.0620,108.5225,137.2074,108.9117,124.1600,116.1618
2017-12-05,113.9427,113.8501,113.4040,122.0799,103.2072,108.4565,136.8189,109.1295,124.2808,114.0375
2017-12-06,114.2905,114.1881,113.8194,122.4361,104.2048,108.4547,137.4092,109.6349,125.0656,114.0031
2017-12-07,114.8260,114.7181,114.2882,123.2222,104.3328,108.6604,137.9534,109.1178,125.9288,113.2984
2017-12-08,115.6675,115.5655,115.2336,124.4423,105.9772,109.0065,140.8755,108.5895,126.5807,113.6071
2017-12-11,114.9788,114.8662,114.4761,123.5903,104.7847,108.4081,139.5346,109.2210,126.5754,113.2887
2017-12-12,115.8659,115.7593,115.3307,124.0488,105.2945,109.7867,140.5085,109.0444,126.4179,113.9844
2017-12-13,118.1094,117.9924,117.5885,126.5861,107.9536,111.4675,142.6269,109.1770,128.6028,114.4097
2017-12-14,117.8687,117.7606,117.5013,126.2758,108.5224,110.7935,138.4031,109.6036,128.4766,114.6500
2017-12-15,120.4925,120.3807,120.0766,128.8654,111.3546,113.3384,141.4349,110.2735,130.9235,116.1481
2017-12-18,121.1691,121.0511,120.9229,129.4129,113.6364,112.8796,141.5643,110.1104,130.7081,116.9110
2017-12-19,119.0759,118.9740,118.8960,127.4516,112.2130,110.7741,137.8540,109.7024,129.2168,116.3455
2017-12-20,117.4159,117.3295,117.2714,126.1739,110.2950,108.8379,136.6380,109.7550,127.7694,117.5442
2017-12-21,118.3709,118.2823,118.0587,127.5883,109.9986,109.9716,136.7066,109.3865,128.6780,118.3974
2017-12-22,117.5324,117.4464,117.3059,126.4644,109.4070,109.5552,134.4126,110.0044,128.9771,118.7273
2017-12-25,117.3486,117.2613,117.1242,126.3472,109.4087,109.8333,135.4312,110.0824,128.7062,120.2045
2017-12-26,116.6277,116.5202,116.3845,125.7885,108.2606,109.4378,135.5637,109.7211,127.8835,121.8512
2017-12-27,117.7533,117.6461,117.4516,127.0241,109.2399,110.1277,136.7981,110.0510,129.3879,122.5633
2017-12-28,117.5827,117.4770,117.1822,127.3050,108.6294,110.7422,135.6120,110.0290,129.1832,123.6917
2017-12-29,118.3773,118.2535,117.8986,128.0122,109.4282,112.1898,136.4908,110.7147,130.0676,122.7348
2018-01-01,120.0655,119.9249,119.6356,129.8708,111.5658,113.3327,138.2247,110.3508,130.9162,123.4983
2018-01-02,120.2425,120.0924,119.7612,130.3130,111.8028,113.4815,139.6568,109.6868,130.3859,125.1357
2018-01-03,120.5849,120.4291,120.1558,130.9062,112.7113,114.0097,142.0935,109.6134,130.2923,125.6067
2018-01-04,120.1971,120.0363,119.7067,130.3154,112.1104,113.5102,141.8416,108.9621,129.0486,125.6646
2018-01-05,120.6217,120.4622,120.0661,130.6945,112.1640,113.5987,142.0642,109.2625,129.1852,126.8325
2018-01-08,120.9392,120.7797,120.3504,131.0103,112.6035,113.1075,141.6987,108.6943,128.6608,125.5476
2018-01-09,120.8335,120.6766,120.3789,131.1183,113.3915,112.6016,140.1691,107.7725,128.7797,124.3215
2018-01-10,121.2667,121.1038,120.7382,131.5374,113.0306,113.3726,141.2620,108.0941,129.1711,125.0206
2018-01-11,120.5013,120.3244,119.9646,130.2388,111.8021,112.4719,139.6369,108.1346,128.5831,124.8711
2018-01-12,119.4719,119.2782,118.9402,129.6749,110.1741,111.0506,138.5838,107.9930,127.9433,123.8311
2018-01-15,119.5814,119.3724,118.8797,129.6522,109.4640,111.2503,137.4301,107.7717,126.8733,125.3371
2018-01-16,119.6746,119.4764,118.9411,129.4108,109.8771,111.7003,137.4501,107.8492,126.6462,126.4178
2018-01-17,120.2366,120.0550,119.4326,129.5818,109.9473,111.6279,138.4052,107.1613,127.0386,127.3349
2018-01-18,120.4994,120.2988,119.6159,130.3410,109.6727,111.8949,138.2912,106.9524,127.9464,125.9780
2018-01-19,120.8682,120.6561,119.8398,129.8131,109.4806,112.3219,138.2040,106.6937,128.8489,125.8785
2018-01-22,120.3718,120.1520,119.3519,129.4574,108.9460,112.1519,136.8399,106.0291,128.0123,127.1846
2018-01-23,120.1061,119.8751,118.9519,128.5920,107.3370,111.7168,136.4706,105.6737,128.0741,126.9403
2018-01-24,119.9849,119.7515,118.9093,128.6117,107.7524,111.6771,136.4249,106.1590,128.3438,125.3008
2018-01-25,120.8556,120.6140,119.6808,129.1723,107.9007,112.2181,138.4697,105.9421,129.2482,125.7042
2018-01-26,121.6715,121.4467,120.4102,129.5852,108.4891,112.5492,139.3600,105.6642,129.6230,124.6084
2018-01-29,121.4377,121.2183,120.2711,129.6052,108.6947,113.0058,138.9802,105.7039,129.3572,126.9462
2018-01-30,121.2064,121.0053,119.8926,129.3765,107.4018,112.7375,138.8630,105.3840,128.7416,125.8958
2018-01-31,121.8834,121.7025,120.4672,130.1501,107.3268,113.1974,139.1863,105.6928,129.7783,126.1289
2018-02-01,121.9318,121.7510,120.4257,130.1397,107.3476,113.9666,139.8048,105.5370,130.0420,127.5775
2018-02-02,122.1312,121.9586,120.7009,130.6547,108.3384,113.6279,139.6754,105.5889,129.7607,128.0984
2018-02-05,122.7010,122.5366,121.1893,130.8220,108.9406,113.6569,138.7126,105.1831,130.0049,128.9092
2018-02-06,122.3973,122.2246,120.9318,130.5723,108.9907,113.9306,139.0293,104.9732,129.5771,130.6488
2018-02-07,123.1321,122.9421,121.5509,130.8994,108.8335,114.3105,139.6116,105.5220,129.8195,129.3377
2018-02-08,123.0809,122.8983,121.4709,130.0570,108.7744,113.6689,139.4251,105.6738,129.7133,130.4164
2018-02-09,123.0613,122.8823,121.5770,130.2758,109.4830,112.9539,139.1607,105.6368,129.9362,131.5521
2018-02-12,123.1041,122.9389,121.6503,130.1835,110.4267,112.8193,139.2324,106.0930,129.6885,131.0979
2018-02-13,123.8198,123.6601,122.2789,130.2438,111.0124,113.2242,139.7610,106.0920,130.1077,129.3036
2018-02-14,125.1900,125.0389,123.4938,130.9848,111.5045,114.8805,140.8678,105.6124,131.0263,130.1926
2018-02-15,125.0723,124.9086,123.2962,130.6563,111.1130,115.0339,141.0776,106.0291,131.2335,130.7123
2018-02-16,124.7456,124.5586,123.0519,131.0114,111.0544,114.8586,140.3293,105.9708,131.2595,129.6698
2018-02-19,124.9587,124.7675,123.2197,131.1346,111.4367,114.9702,141.0678,106.0511,131.8241,129.9389
2018-02-20,124.2731,124.0868,122.6052,130.6867,111.3212,114.0261,141.6182,106.2539,131.6519,130.8329
2018-02-21,124.2788,124.0801,122.5849,131.0876,110.7638,113.9964,142.5408,106.2899,132.1553,129.1513
2018-02-22,124.0025,123.8025,122.2371,130.5948,110.0799,113.5811,142.9104,106.3007,131.8702,129.7517
2018-02-23,123.9862,123.8015,122.2967,130.8260,110.4161,113.3680,145.6162,106.1813,132.2883,129.6984
2018-02-26,125.8163,125.6476,124.0954,132.6468,112.2442,114.8279,146.9292,106.4729,134.3015,128.6372
2018-02-27,125.6867,125.5132,124.0088,132.2902,111.7814,114.2757,146.2852,107.0815,134.5534,127.2347
2018-02-28,126.3038,126.1352,124.5541,132.8459,111.7199,114.4241,147.4406,107.1503,134.6593,127.2948
2018-03-01,125.5662,125.3983,123.7815,131.8619,110.2851,113.3171,145.8623,107.5683,134.6121,126.1746
2018-03-02,125.0477,124.8801,123.3232,131.1796,109.8571,112.8623,145.7901,107.4003,134.2240,126.2712
2018-03-05,125.3995,125.2303,123.6506,131.5225,110.1181,112.7513,146.6772,106.8666,134.5540,125.4330
2018-03-06,126.8391,126.6637,125.1032,133.0902,111.7159,112.9579,149.7855,107.4349,136.3795,125.5406
2018-03-07,127.3784,127.1929,125.6350,133.5070,112.5625,112.7725,150.7368,107.6303,136.9896,126.3955
2018-03-08,126.7283,126.5360,124.9605,132.8565,111.8959,112.7665,148.7746,107.6754,136.5661,125.0654
2018-03-09,127.0040,126.8009,125.1473,132.5354,111.5535,112.5385,152.0792,107.7425,135.2904,124.2979
2018-03-12,127.2232,127.0368,125.2714,132.4349,111.1114,112.9250,150.9906,107.8872,135.6401,125.3473
2018-03-13,127.4566,127.2752,125.7153,132.8506,112.5048,112.9600,151.0855,108.2635,135.9640,125.6214
2018-03-14,127.6845,127.4860,126.1027,133.1359,113.7972,113.2601,150.4200,107.7060,136.1816,124.2585
2018-03-15,127.3949,127.1925,125.7849,132.6380,113.7586,113.3683,150.7000,107.9924,135.9395,123.5955
2018-03-16,128.6735,128.4795,127.0702,134.1151,115.5975,114.7642,151.7502,108.4014,137.1376,124.8209
2018-03-19,129.6522,129.4343,127.8355,134.2246,115.4973,115.3650,153.4111,108.6179,138.1001,123.7120
2018-03-20,129.3783,129.1677,127.5870,134.3039,115.2457,115.4359,153.9546,108.3232,137.2924,125.6621
2018-03-21,127.8064,127.5969,126.0116,132.8156,113.3442,114.2442,150.2430,108.2598,135.3356,126.3642
2018-03-22,128.8695,128.6620,126.8964,133.5014,113.6788,114.2210,151.2190,108.1390,136.6071,124.5798
2018-03-23,129.1999,129.0020,127.0180,133.8859,112.9452,114.7185,151.9957,107.9561,136.8901,123.6930
2018-03-26,130.2665,130.0658,128.0293,134.7567,113.8633,115.9527,152.8836,107.8780,137.6623,123.4228
2018-03-27,128.4599,128.2518,126.3542,132.8533,112.2867,114.9391,151.4495,108.1560,135.8741,122.3438
2018-03-28,126.3504,126.1537,124.2508,131.0318,109.7436,113.0500,149.7237,108.3717,134.2082,121.6371
2018-03-29,127.9473,127.7614,125.8079,132.3421,111.6317,113.7989,150.2133,107.9745,135.4466,120.8373
2018-03-30,126.6488,126.4634,124.5298,130.6853,110.2215,112.7101,146.9329,107.8896,133.4545,122.2076
2018-04-02,127.9935,127.8103,125.9757,132.1753,112.5199,114.1558,147.1874,107.7563,133.6088,122.1601
2018-04-03,127.8964,127.7040,125.8439,132.3820,112.3335,113.3452,146.0099,108.1265,133.8167,123.3326
2018-04-04,127.2775,127.0855,125.1597,131.6286,111.0546,113.2002,146.3891,108.8466,134.2539,123.2944
2018-04-05,126.6520,126.4752,124.5335,130.6264,110.3055,112.7924,145.6646,108.6912,132.9439,122.7318
2018-04-06,129.2936,129.1270,127.0425,132.7534,112.5717,114.7581,147.8734,107.8890,134.2879,121.8824
2018-04-09,128.2382,128.0728,126.0105,131.5144,111.4797,114.1480,147.2754,108.2070,133.8499,120.9514
2018-04-10,128.5024,128.3460,126.2392,131.6104,111.2944,113.8150,149.4163,107.6452,133.7483,120.6614
2018-04-11,129.5718,129.4182,127.1776,132.0254,111.8556,114.6527,149.9906,107.5200,134.9870,118.8923
2018-04-12,129.8820,129.7196,127.5256,132.4607,112.0922,114.9267,152.2823,107.8306,135.5256,119.8054
2018-04-13,129.8102,129.6299,127.4615,132.3291,112.1645,114.3084,152.3379,107.4462,135.4780,118.8085
2018-04-16,129.4776,129.3073,127.1553,131.9794,111.8735,114.5338,151.4400,108.2961,136.2463,120.1469
2018-04-17,129.9191,129.7712,127.6113,132.4800,112.1636,113.8093,149.9811,108.4992,136.3320,117.6081
2018-04-18,130.2562,130.1038,127.8866,132.7232,112.1813,114.7307,148.1358,108.3210,136.6752,116.9731
2018-04-19,131.1426,130.9981,128.6939,133.5591,112.9507,114.7510,149.0566,108.3898,137.2369,117.3816
2018-04-20,131.8095,131.6645,129.1907,134.1862,113.1565,115.1950,149.9202,108.7687,138.1712,117.1114
2018-04-23,131.0694,130.9392,128.4561,133.9869,112.6313,115.2769,148.9382,108.9554,138.1362,117.4530
2018-04-24,132.2903,132.1794,129.6981,135.4051,114.7212,116.3493,150.4530,108.6967,138.6865,116.6350
2018-04-25,132.4914,132.3681,129.7158,135.5790,113.9191,117.1303,150.3650,108.1672,138.1898,116.5663
2018-04-26,133.5365,133.4015,130.6738,136.3588,114.6197,118.2224,152.2045,108.5904,139.6264,116.3115
2018-04-27,132.3117,132.1698,129.6406,135.3343,114.3125,117.5377,149.4479,108.6684,138.3227,116.7722
2018-04-30,132.4464,132.2962,129.6529,135.1535,113.8111,118.0184,149.6874,108.4850,138.1379,116.4233
2018-05-01,132.9680,132.8027,130.1852,135.7019,114.7224,117.9963,149.0656,108.3546,138.0744,115.5479
2018-05-02,131.2067,131.0353,128.4483,133.8244,112.2715,116.8202,147.3155,108.4683,137.1634,114.3248
2018-05-03,130.4289,130.2570,127.7351,133.4147,111.8435,116.0112,145.5477,107.6153,135.4097,115.0863
2018-05-04,129.8737,129.6936,127.2806,133.0829,112.2344,116.6342,146.2412,107.1284,134.6277,115.2896
2018-05-07,130.7068,130.5162,128.1341,133.7655,113.2239,117.2293,146.3633,106.9771,135.4520,114.4185
2018-05-08,129.8788,129.6871,127.3691,133.2044,112.7978,117.1920,144.1044,107.6762,135.0829,114.1037
2018-05-09,131.6100,131.4155,129.0377,134.2897,114.5717,118.4250,145.9483,107.1535,135.7561,114.5045
2018-05-10,132.3605,132.1528,129.6062,134.3654,114.6325,118.9331,146.4449,107.0985,135.8857,113.8757
2018-05-11,132.2114,132.0084,129.5494,133.9970,115.0412,118.3955,145.5617,107.1669,134.8109,113.0375
2018-05-14,131.1556,130.9400,128.5458,133.3662,114.2491,117.2495,144.8235,107.6808,134.7336,112.8251
2018-05-15,132.4227,132.2090,129.8552,135.3360,116.0219,117.7765,146.6439,108.5419,136.4819,112.2076
2018-05-16,131.6253,131.4299,129.1142,134.6644,115.0277,116.7343,146.7533,109.0651,136.1751,113.3782
2018-05-17,130.2035,130.0206,127.9078,133.7417,114.3876,115.6367,145.1879,109.0541,135.5141,113.9258
2018-05-18,129.8725,129.6802,127.7149,133.7411,115.0808,115.6765,145.1979,108.9843,135.0952,113.7846
2018-05-21,130.4061,130.2103,128.2747,134.1563,115.3476,116.1458,146.3570,108.5292,135.2191,113.3006
2018-05-22,131.6477,131.4433,129.5042,135.3010,117.4240,117.2172,145.0798,108.5855,136.7762,111.0813
2018-05-23,132.5834,132.3854,130.2448,135.7229,117.2718,117.8805,144.5800,108.3996,137.8718,111.3256
2018-05-24,132.9928,132.7916,130.5668,135.8375,117.1231,117.6992,144.8192,108.6598,138.2666,112.8176
2018-05-25,133.2226,133.0218,130.8681,136.3557,118.0869,117.4468,144.9053,108.0096,136.8170,112.7214
2018-05-28,132.5293,132.3470,130.1933,136.3288,117.3304,116.7082,144.7802,107.9676,136.1827,114.5916
2018-05-29,131.1493,130.9682,128.7274,135.5167,115.8193,115.7600,142.6366,107.4503,135.4654,116.4983
2018-05-30,130.5577,130.3963,128.2474,135.2224,115.7968,114.4916,141.4895,107.5642,135.5591,114.8010
2018-05-31,130.6148,130.4660,128.3279,135.3390,116.2880,115.1766,142.0427,107.9908,135.7765,114.8007
2018-06-01,130.9609,130.8190,128.5154,135.2770,115.5136,115.4875,140.9463,108.3709,136.6141,114.1981
2018-06-04,130.6867,130.5532,128.2539,134.8687,115.0836,115.5924,141.5507,107.6569,136.3653,112.9107
2018-06-05,130.3531,130.2207,127.8545,134.5709,114.2637,114.8995,140.5080,107.1440,135.5632,113.5298
2018-06-06,130.5504,130.4269,127.9972,135.1177,114.4290,114.8126,140.9935,107.6632,135.6196,113.2079
2018-06-07,130.8690,130.7312,128.3292,134.9045,115.1736,114.6447,140.6429,107.6169,135.5993,113.0883
2018-06-08,129.8155,129.6888,127.2279,133.7152,113.3024,113.4614,140.8452,107.9733,134.9266,115.1355
2018-06-11,130.3578,130.2336,127.8175,134.5125,114.3065,114.1865,141.4537,107.6648,135.1639,114.6296
2018-06-12,130.1885,130.0802,127.5364,133.7873,113.3958,114.2182,140.3414,108.1282,135.8694,111.2895
2018-06-13,131.0186,130.8913,128.2797,134.4363,113.7797,114.7198,143.8389,108.1010,137.4940,111.1020
2018-06-14,130.9986,130.8744,128.2671,135.2309,113.7152,114.1772,143.7734,108.4029,138.5738,111.7774
2018-06-15,130.1154,130.0050,127.3881,134.4699,112.7125,113.5748,144.8094,107.6536,136.7823,112.3543
2018-06-18,129.7266,129.6039,126.9120,133.6997,111.4489,112.6986,143.5995,107.8348,136.5277,111.3891
2018-06-19,129.7266,129.6004,126.8686,133.3453,110.9300,112.7533,144.1715,108.3152,136.4902,111.5096
2018-06-20,128.4270,128.3138,125.5790,131.9049,109.6007,111.7439,142.3760,108.7271,135.0357,112.5977
2018-06-21,127.7052,127.6108,124.8921,131.7541,108.9083,110.9342,142.1786,108.3784,134.6213,110.7467
2018-06-22,128.6857,128.5762,125.8682,132.7759,110.1875,111.5198,143.3165,109.0550,136.4158,111.0463
2018-06-25,128.9146,128.8016,126.1330,133.8361,110.3545,111.9233,143.7362,108.8207,136.0168,109.5713
2018-06-26,129.1149,129.0055,126.2845,134.1888,110.3021,112.0553,144.0733,108.8348,135.6744,107.7995
2018-06-27,129.5652,129.4530,126.7223,134.3632,110.5909,113.0477,143.8509,109.1294,136.3784,106.6133
2018-06-28,130.7210,130.6185,127.7490,135.9358,111.0403,114.1239,145.5024,108.8447,137.2080,108.8464
2018-06-29,128.3910,128.2838,125.5552,134.0336,109.1292,112.4187,142.9255,108.7186,135.0769,110.3702
2018-07-02,128.6793,128.5934,125.7350,133.9109,108.5071,112.0696,142.3382,109.1286,134.9430,111.1557
2018-07-03,128.3733,128.2917,125.3650,133.3988,107.5104,112.5240,142.6974,109.8655,134.9019,111.5919
2018-07-04,131.4074,131.3214,128.2337,135.9443,110.4482,115.1661,146.5814,109.1569,136.9651,110.7792
2018-07-05,131.7215,131.6376,128.5347,136.4874,111.2921,115.7346,148.0432,109.3001,138.0111,111.6088
2018-07-06,132.5970,132.5229,129.3097,137.1047,112.0228,116.0897,147.7989,109.5869,138.9470,110.1104
2018-07-09,133.3479,133.2808,130.0019,137.3793,112.6621,116.4741,148.3462,109.6381,139.3731,109.3831
2018-07-10,133.5705,133.5120,130.1644,137.5042,112.8985,116.9497,148.6921,109.8486,140.2750,110.2420
2018-07-11,135.5993,135.5322,131.9243,139.5809,113.7153,118.7775,150.2413,109.4864,141.2664,111.1356
2018-07-12,135.0764,134.9990,131.6491,139.6214,114.2989,118.1357,149.2307,109.1630,140.2877,111.9376
2018-07-13,135.8806,135.8015,132.5400,140.8110,115.8138,118.4453,150.1756,109.6531,142.6447,112.0685
2018-07-16,136.7927,136.7063,133.4152,140.9903,116.7053,119.5094,151.8094,108.9816,141.9319,113.3065
2018-07-17,137.6787,137.5954,134.1905,141.8150,117.0657,119.9957,150.9777,108.8113,142.9154,112.5796
2018-07-18,138.0848,137.9929,134.5341,142.7246,117.2788,120.4674,153.3249,108.5146,143.6401,114.1739
2018-07-19,141.2954,141.2086,137.5997,145.6907,120.3427,123.1162,157.3376,108.3161,145.8047,115.5777
2018-07-20,139.8828,139.7734,136.1619,144.7640,118.2919,122.1894,155.8085,108.1402,144.3563,115.0463
2018-07-23,139.3729,139.2653,135.6522,144.0038,117.8431,121.5867,155.5796,108.6253,143.9647,116.2595
2018-07-24,142.7966,142.6820,138.8834,147.2833,120.7803,124.5195,158.7410,108.5733,147.1508,115.9729
2018-07-25,141.5727,141.4521,137.8862,145.5786,120.7536,123.0503,159.1120,108.6799,146.2507,118.1704
2018-07-26,145.0469,144.9043,141.1887,149.2048,124.2880,125.7843,163.3820,108.6014,149.0064,118.2571
2018-07-27,144.7085,144.5661,140.7592,148.6662,123.5426,125.9013,162.3954,108.7968,148.7341,117.8551
2018-07-30,146.8153,146.6646,142.6505,150.3558,124.8767,126.2926,163.7590,108.5713,150.8652,118.6173
2018-07-31,146.1369,145.9701,142.0771,150.2803,124.6645,125.3856,163.8796,109.0260,151.2334,119.0396
2018-08-01,147.3232,147.1629,143.0656,151.3959,124.6499,126.4417,163.7009,109.5268,152.6692,118.7467
2018-08-02,147.0559,146.8924,142.8951,151.1367,124.9670,126.1829,164.8482,109.9378,151.9073,118.1373
2018-08-03,147.8358,147.6878,143.6565,152.3595,125.6850,127.0183,165.5536,109.6841,151.8083,117.9479
2018-08-06,147.6836,147.5445,143.6812,152.8229,126.6124,127.3618,165.1290,109.6391,151.7074,119.7042
2018-08-07,149.9010,149.7590,145.8911,155.8661,129.0743,129.1457,167.4359,110.3596,155.3995,119.6596
2018-08-08,150.6166,150.4716,146.4316,156.1453,129.2358,129.7365,169.3820,110.3748,156.5054,118.1853
2018-08-09,149.2804,149.1408,145.1728,155.1647,128.5256,128.3207,169.0252,110.8240,155.8223,118.6834
2018-08-10,149.0182,148.8866,144.8447,154.3364,127.3295,128.2013,169.8841,110.3463,154.7021,120.6186
2018-08-13,149.2887,149.1731,145.1445,154.0336,127.6573,127.7553,170.4610,110.0657,153.9566,119.1665
2018-08-14,149.2395,149.1283,145.0750,153.7773,127.5616,128.4704,171.0163,111.1449,154.3762,119.2790
2018-08-15,148.5375,148.4216,144.4425,153.9053,126.5399,128.4535,172.2155,111.8777,154.2333,116.0715
2018-08-16,148.1313,148.0103,144.1664,153.4876,126.5499,127.9988,172.1639,112.5156,153.4750,117.7058
2018-08-17,147.7765,147.6622,143.8268,153.0910,126.1708,128.3535,172.9456,113.2510,153.8716,118.1782
2018-08-20,148.8720,148.7392,144.8037,153.9419,126.3236,128.8456,174.2305,113.2704,154.7665,119.4101
2018-08-21,148.0490,147.9260,144.0730,152.8434,125.5026,128.3277,174.0785,113.2884,154.1904,119.4229
2018-08-22,146.8852,146.7565,143.0798,151.4624,125.2978,128.4695,171.2641,112.9831,153.9063,119.4607
2018-08-23,146.3699,146.2254,142.5181,150.9258,124.3033,128.1451,172.6840,113.3602,153.5875,121.2926
2018-08-24,145.0665,144.9044,141.3342,149.8644,123.5787,127.3839,171.5429,113.3775,152.5029,121.7635
2018-08-27,146.0605,145.8920,142.4100,151.1956,125.0419,128.7110,173.9234,113.5319,153.7435,120.5221
2018-08-28,146.7951,146.6283,143.2082,151.9955,125.9572,128.2045,173.2533,113.3342,154.0263,119.7010
2018-08-29,147.4483,147.2805,143.6160,152.1462,125.4939,128.4499,176.1442,113.4615,154.2336,120.4171
2018-08-30,147.6018,147.4337,143.7358,152.1647,125.7621,128.2425,174.7359,113.1520,154.7830,121.2839
2018-08-31,147.8191,147.6377,144.0399,152.3531,127.0080,128.2640,176.1272,112.7481,154.2010,121.3215
2018-09-03,147.3640,147.1687,143.9032,152.4485,128.3392,127.6611,174.9044,112.3138,153.0964,119.8519
2018-09-04,146.8593,146.6680,143.5228,152.1855,128.6777,126.8702,174.0562,112.4892,153.4179,118.0906
2018-09-05,146.0389,145.8436,142.8086,151.5364,128.2697,126.4225,175.3164,112.6283,152.8493,116.2992
2018-09-06,146.7918,146.5988,143.5180,152.1950,129.0770,127.2811,175.0633,113.1741,153.9361,116.2909
2018-09-07,146.9133,146.7302,143.7111,152.0549,130.1187,128.7300,178.0240,113.1285,154.6987,117.6219
2018-09-10,147.5867,147.4030,144.1784,152.8923,130.4524,129.1193,178.1611,113.7219,155.9951,117.2031
2018-09-11,147.0149,146.8341,143.6751,153.4364,130.2530,128.5804,174.5340,113.1352,155.3978,117.5732
2018-09-12,146.9336,146.7598,143.7441,154.0657,130.9859,128.1542,174.0346,112.9989,155.1947,117.7330
2018-09-13,145.8756,145.7246,142.7664,153.0344,129.6962,127.1498,173.4655,113.1446,153.7922,118.7663
2018-09-14,146.3934,146.2467,143.3935,153.2599,130.9565,127.4240,174.1952,113.2612,154.1305,119.8182
2018-09-17,145.5246,145.3953,142.5769,152.3196,130.6219,127.0473,174.1804,113.3017,153.2234,118.4797
2018-09-18,144.1021,143.9698,141.1876,151.0994,129.4250,126.7078,173.4540,113.0506,152.0411,119.9973
2018-09-19,143.9758,143.8707,141.0469,150.6442,129.1229,126.9642,172.4242,113.3703,151.8515,120.9421
2018-09-20,145.7564,145.6375,142.8512,152.7690,131.9663,127.6922,175.5575,112.7575,153.3220,119.8726
2018-09-21,145.2361,145.1324,142.3312,151.3812,131.3178,128.2099,175.7838,113.3568,152.6594,120.0205
2018-09-24,147.2959,147.1925,144.2063,153.4583,132.5078,129.1888,175.6500,113.2185,154.5455,120.4804
2018-09-25,147.3290,147.2284,144.3300,153.9088,133.3047,129.1580,174.1388,113.6695,155.8854,121.4839
2018-09-26,142.5577,142.4557,139.6599,149.0154,127.3014,125.7386,169.1205,114.2187,151.5148,119.9763
2018-09-27,142.9600,142.8544,140.0774,149.3229,127.8239,125.7381,168.7928,114.1622,151.7624,120.5109
2018-09-28,145.4334,145.3169,142.6688,151.8685,131.4717,127.5098,167.9167,114.4044,154.2390,120.3794
2018-10-01,151.6814,151.5547,148.3878,157.6991,135.9830,132.1100,174.5526,114.3149,160.3131,120.3705
2018-10-02,146.7650,146.6410,143.8703,153.3523,131.7941,127.9123,169.5491,114.3527,156.0455,121.9157
2018-10-03,142.2978,142.1848,139.7291,149.6683,128.5447,123.2404,165.1550,113.5317,151.7523,120.8843
2018-10-04,141.8196,141.7183,139.3295,149.2956,128.0827,122.1354,165.3125,113.6162,151.2371,123.8809
2018-10-05,143.5942,143.5143,140.9594,151.1496,129.8081,123.6998,170.2033,113.5688,152.7931,122.5373
2018-10-08,141.2489,141.1835,138.6773,148.7907,126.8249,121.4316,166.9076,113.9093,151.4514,121.0884
2018-10-09,141.5017,141.4285,138.8071,149.0538,126.2364,121.5207,166.6619,114.1935,152.3000,119.9976
2018-10-10,142.6003,142.5170,139.9388,150.3550,127.5243,121.7615,165.9788,114.2945,153.5202,120.4133
2018-10-11,142.0828,142.0084,139.3418,149.4953,125.9455,121.6199,165.0344,113.7309,152.8227,120.9251
2018-10-12,139.4195,139.3375,136.8366,147.2372,123.4775,120.0349,164.3909,113.9664,150.3077,120.8953
2018-10-15,141.8611,141.7626,139.1336,149.9349,125.4553,122.0570,168.8970,113.6328,152.2359,121.4548
2018-10-16,142.0395,141.9405,139.4025,150.1036,125.6470,122.6603,168.8753,113.6383,152.6598,120.9070
2018-10-17,141.7634,141.6739,139.2898,150.0369,126.1286,122.0878,168.7787,113.7080,153.1371,122.5900
2018-10-18,141.2653,141.1815,139.0033,149.3753,127.1601,122.2100,170.3146,113.5667,152.3615,123.7469
2018-10-19,137.9236,137.8622,135.7626,145.6132,123.1373,118.9690,167.8187,113.8754,149.9395,123.5043
2018-10-22,136.9656,136.8945,134.9016,144.8405,123.1437,118.1383,165.6752,113.6728,149.1764,122.8860
2018-10-23,136.3898,136.3394,134.4485,144.9794,123.6267,117.9933,161.7016,113.7195,148.7572,124.4920
2018-10-24,136.3438,136.3021,134.4305,144.8612,123.9014,118.6877,163.2993,113.9408,148.8873,123.2146
2018-10-25,137.3738,137.3378,135.4873,146.1574,125.2211,118.8966,165.0276,113.5500,149.3936,122.3508
2018-10-26,136.3927,136.3626,134.3958,145.3180,122.9594,118.1836,162.4435,113.3361,148.3905,122.3912
2018-10-29,136.0144,135.9578,134.0971,145.5725,122.9919,116.6244,159.5352,112.9617,148.5397,121.9151
2018-10-30,135.5911,135.5367,133.8197,145.2935,123.7834,116.0316,160.7478,112.8925,147.7862,122.9295
2018-10-31,134.4305,134.3798,132.6944,143.6776,122.6172,115.6954,160.8061,112.3590,145.7334,123.3471
2018-11-01,135.3822,135.3205,133.6314,144.7157,123.6385,116.3343,161.4376,112.2763,146.1625,124.9072
2018-11-02,134.4036,134.3556,132.6203,143.9576,122.4138,115.4579,162.4635,111.5806,144.3646,122.8407
2018-11-05,133.9433,133.8965,132.1292,142.9887,122.3921,115.9499,164.2076,111.2635,143.8831,123.8926
2018-11-06,131.4889,131.4575,129.7539,140.6194,119.8887,113.8201,160.3808,111.4996,141.2762,125.0110
2018-11-07,133.1489,133.1440,131.3594,142.3198,121.4488,114.6984,160.6722,111.8785,143.2664,126.3383
2018-11-08,134.0558,134.0477,132.2592,143.0495,122.4667,114.9910,161.7135,112.0644,144.4806,126.5273
2018-11-09,136.0648,136.0582,134.2796,144.9056,124.9975,116.5692,163.8087,111.9441,146.2460,124.4733
2018-11-12,133.4601,133.4599,131.7843,142.9555,122.5445,114.8930,162.8172,111.9043,144.6451,123.8779
2018-11-13,135.7263,135.7163,134.0453,146.3419,125.9182,117.1974,168.4604,112.3387,147.2016,124.1861
2018-11-14,132.7053,132.6851,131.1410,143.5843,122.9859,114.9670,163.9722,111.4402,143.8820,124.0097
2018-11-15,131.4606,131.4447,129.8694,142.3673,121.9062,113.4096,163.9822,111.6319,143.0975,124.2213
2018-11-16,128.3887,128.3763,127.0802,139.2448,120.1640,110.2298,159.1276,112.3032,140.0151,124.0888
2018-11-19,130.1694,130.1591,128.8223,141.7211,122.2327,111.5169,161.0532,112.2343,143.0647,123.6103
2018-11-20,127.4808,127.4827,126.1224,138.7409,119.0308,110.0425,158.9748,112.1259,141.3329,124.5135
2018-11-21,128.2403,128.2359,126.7969,139.1512,119.5302,110.3306,157.5576,112.0377,141.5721,124.0592
2018-11-22,128.4291,128.4277,126.9566,138.7793,119.4899,110.1833,156.6738,112.5488,141.9186,124.6401
2018-11-23,131.1656,131.1677,129.6054,141.9348,123.0426,112.0275,159.0614,112.6351,144.8153,125.3982
2018-11-26,131.8520,131.8687,130.3427,143.1650,124.1033,111.6345,160.1380,112.7891,144.8161,125.7766
2018-11-27,129.8058,129.8182,128.5189,140.8241,123.1093,110.9994,157.8147,113.0829,142.2179,126.4966
2018-11-28,128.4254,128.4357,127.2589,139.5767,122.5452,110.3184,157.8176,112.6728,140.3052,127.2017
2018-11-29,130.0238,130.0426,128.9636,141.1273,125.5095,111.2833,159.4044,113.0524,141.4535,126.6470
2018-11-30,132.6250,132.6496,131.4422,143.7448,128.0515,113.6344,161.0546,112.5874,143.5083,126.9765
2018-12-03,130.5085,130.5574,129.4453,142.0272,126.3749,112.1656,158.5351,112.7139,142.0727,128.0126
2018-12-04,128.4475,128.4994,127.3151,140.0854,122.9885,111.5523,158.6404,113.3073,141.1504,128.5209
2018-12-05,130.2014,130.2557,129.2096,142.0875,126.1939,113.2189,160.3593,112.8322,142.5378,128.9247
2018-12-06,128.3520,128.4133,127.3403,140.4154,123.9161,111.1395,156.1114,111.9207,140.4604,128.7088
2018-12-07,125.6254,125.6794,124.6303,137.5804,119.9198,108.7204,154.0118,112.4145,138.6289,128.0056
2018-12-10,125.4759,125.5232,124.4763,137.0625,119.2956,108.2454,152.5595,111.9139,137.4218,126.5365
2018-12-11,127.2137,127.2533,126.1620,139.0486,121.0465,109.8991,156.1177,112.0565,139.1686,124.3902
2018-12-12,124.7544,124.7944,123.8893,136.9482,119.1132,107.4414,156.6308,112.7537,137.6273,123.7529
2018-12-13,124.4779,124.5319,123.6307,136.2573,119.1552,107.6030,156.8327,112.4005,137.3987,124.8993
2018-12-14,129.6274,129.6850,128.6506,141.5502,124.4471,111.1215,158.6819,112.9109,142.5073,123.7005
2018-12-17,128.2484,128.2956,127.2051,139.9392,122.1513,109.3732,156.4359,112.5150,141.1355,122.9393
2018-12-18,130.4993,130.5576,129.3501,142.3351,124.0280,110.9459,157.3598,112.3476,143.3860,123.4458
2018-12-19,127.4345,127.4858,126.4090,139.0734,121.0341,108.9478,151.9293,112.7791,141.1205,123.0115
2018-12-20,120.8175,120.8697,120.0861,132.3614,114.3619,104.4321,143.4449,113.2962,135.6255,120.8498
2018-12-21,121.6426,121.7061,120.8243,132.6187,114.7916,104.6824,145.3594,113.4214,136.4662,118.7686
2018-12-24,124.2665,124.3316,123.3292,135.2328,117.3526,107.7008,149.7786,113.4166,138.9818,119.2597
2018-12-25,122.4978,122.5616,121.6347,133.4284,115.5165,106.6637,147.5449,113.6663,136.9119,119.2477
2018-12-26,123.4683,123.5223,122.5912,134.3965,116.7090,107.8793,148.2793,113.3981,137.6528,119.9635
2018-12-27,123.0318,123.0923,122.1883,134.3346,116.6382,107.3737,148.4209,113.2861,137.5823,120.5909
2018-12-28,123.1676,123.2253,122.2223,133.8285,116.3454,107.2723,148.3264,113.1603,136.9299,119.8587
2018-12-31,123.4948,123.5440,122.3962,133.7379,115.6605,106.5157,146.5083,112.5485,137.5715,120.7047
2019-01-01,122.7060,122.7561,121.5395,133.5979,114.2042,106.1418,146.6520,112.4569,136.9778,120.8216
2019-01-02,123.7866,123.8305,122.5309,134.7397,114.4389,106.5940,146.3744,112.7342,138.7400,121.7621
2019-01-03,123.5556,123.6092,122.2561,133.8278,113.5647,105.8864,145.3385,112.4457,136.9205,120.7173
2019-01-04,122.8690,122.9266,121.4391,132.0664,111.6938,105.4676,143.8857,112.0391,136.3913,121.0435
2019-01-07,123.5693,123.6153,122.0442,132.3418,111.5411,106.8163,144.1381,112.0688,137.4345,121.9948
2019-01-08,125.0929,125.1252,123.5491,133.8019,113.0685,108.2306,147.6043,112.0076,138.6641,123.4144
2019-01-09,125.6253,125.6693,124.0703,133.8411,113.3066,108.7179,149.5548,111.7946,138.7086,124.4936
2019-01-10,124.8988,124.9470,123.4267,132.8848,112.9467,108.0055,148.9523,111.2388,138.2176,123.4320
2019-01-11,124.5611,124.5991,123.1417,132.6531,112.4619,107.7723,149.2252,111.5216,138.2565,122.6530
2019-01-14,125.1136,125.1492,123.6033,132.8857,112.7796,108.4003,148.5961,111.3085,138.4609,121.4220
2019-01-15,126.3464,126.3796,124.9600,134.3674,114.8558,109.1141,151.8542,111.3549,139.1462,123.6783
2019-01-16,127.2843,127.3347,126.0096,135.9009,116.7543,109.3643,152.4798,110.4457,139.0847,124.3953
2019-01-17,128.4064,128.4549,127.0935,136.9059,117.4482,110.1450,154.7550,111.0942,140.5706,124.6079
2019-01-18,128.7152,128.7452,127.2708,136.5790,116.6600,109.7437,154.6351,111.2974,140.6130,125.0687
2019-01-21,128.7710,128.7948,127.3803,137.0814,117.0660,110.2292,155.2710,111.1420,141.1756,123.0282
2019-01-22,128.6429,128.6638,127.4600,136.9837,118.8628,109.7939,153.9288,111.3401,141.0678,123.9477
2019-01-23,127.6028,127.6249,126.5186,136.4772,118.2624,108.2556,153.0373,111.6225,140.0167,124.4622
2019-01-24,127.6522,127.6827,126.5330,136.4868,117.9790,108.3016,152.5264,111.7703,139.8890,124.0941
2019-01-25,127.5394,127.5745,126.2275,136.2605,116.6158,108.2901,154.4507,111.4082,140.0496,122.2542
2019-01-28,128.0133,128.0374,126.7504,136.9777,118.0520,108.7505,154.6859,111.3843,140.6877,123.7441
2019-01-29,127.6308,127.6436,126.4961,136.6584,119.1523,108.0866,155.1332,110.5532,139.2194,121.1528
2019-01-30,127.8969,127.9144,126.9121,137.2899,120.8563,107.4082,155.9553,110.0939,139.5313,123.1865
2019-01-31,127.7778,127.7973,126.6791,137.0191,119.9402,107.3511,156.8005,109.9332,139.3667,123.4455
2019-02-01,128.4582,128.4705,127.3077,137.3668,120.3307,108.1237,157.1980,110.4421,139.8605,124.9794
2019-02-04,128.8310,128.8408,127.5691,137.7309,119.9490,108.6123,157.8429,109.5705,139.5972,125.0000
2019-02-05,129.2982,129.3035,128.0376,138.2271,120.3972,109.1434,158.9253,109.5637,139.9937,124.9012
2019-02-06,128.9099,128.9187,127.6804,138.0875,120.1955,109.4548,157.5078,109.8336,140.7439,122.5586
2019-02-07,128.1101,128.1182,126.9198,137.0322,119.8599,108.2847,155.2399,109.8568,139.8263,124.1577
2019-02-08,127.7038,127.7087,126.5538,136.8765,119.4653,107.7836,155.6316,109.2229,139.2633,124.0322
2019-02-11,126.7750,126.7901,125.6539,135.3796,118.7025,107.2929,155.7389,109.6167,137.6684,122.3253
2019-02-12,127.2324,127.2489,126.2581,136.7272,120.0684,107.4716,156.1232,109.4362,138.5169,122.7862
2019-02-13,127.1038,127.1150,126.1223,136.7779,119.8471,107.3321,152.3602,108.8229,137.7096,123.4344
2019-02-14,127.9131,127.9313,126.8830,137.4543,120.2701,107.6831,155.3363,109.4125,138.3465,126.3645
2019-02-15,127.7704,127.7817,126.6695,136.8343,119.8990,108.3451,154.0389,109.3286,138.1178,125.4921
2019-02-18,127.4017,127.4124,126.2862,136.3274,119.3518,107.6862,151.5864,110.0071,137.0779,125.9693
2019-02-19,126.6888,126.6848,125.7374,136.0778,119.3858,107.6777,150.3096,109.3606,136.1810,126.4430
2019-02-20,126.5573,126.5453,125.6416,135.7978,119.1641,106.9714,149.5414,109.0948,135.9276,126.5213
2019-02-21,126.7777,126.7696,125.8750,136.2362,119.3226,106.7503,149.5036,109.2610,136.1074,127.3276
2019-02-22,126.2735,126.2629,125.4040,136.3117,118.8449,106.2466,148.1834,109.5725,135.6348,127.0951
2019-02-25,126.5513,126.5315,125.6090,137.2188,118.4196,105.8930,146.5252,110.3240,136.3210,125.7814
2019-02-26,127.1584,127.1326,126.1790,137.7060,118.3725,107.0547,147.6900,110.3838,137.4089,123.9339
2019-02-27,126.7661,126.7244,125.7612,137.5764,117.6665,106.2572,147.5378,110.4628,137.4627,123.6888
2019-02-28,127.6569,127.6236,126.5906,138.3360,118.5589,106.7996,149.9207,110.7295,138.1558,123.3434
2019-03-01,129.1921,129.1495,127.9715,139.8296,119.4239,108.0031,149.9085,110.7560,139.5289,123.1135
2019-03-04,128.5114,128.4613,127.3159,139.6976,118.8426,107.5519,149.6726,110.6458,139.5113,120.9831
2019-03-05,128.5754,128.5331,127.3953,140.3094,118.9515,107.3593,149.7869,110.6516,140.3353,121.9089
2019-03-06,126.9267,126.8754,125.7135,138.7858,116.2125,105.8711,148.7026,111.1851,139.4367,122.5260
2019-03-07,126.2269,126.1769,124.9640,137.9319,115.1183,105.1638,149.2870,111.6681,139.2524,121.4009
2019-03-08,126.8379,126.7946,125.3939,138.2721,114.5817,106.6225,149.2823,112.1479,139.7327,122.8042
2019-03-11,125.4017,125.3498,124.1339,136.9949,113.8405,105.6383,146.2107,112.4655,138.5208,123.8533
2019-03-12,125.1089,125.0577,123.9833,136.7164,114.8210,105.5793,145.8498,112.9020,138.4695,123.3584
2019-03-13,125.2051,125.1453,123.9872,136.2062,114.3631,106.1763,145.7239,113.3995,138.7437,124.1864
2019-03-14,125.5148,125.4683,124.1996,136.5961,114.2349,106.0628,147.0697,113.0015,139.0902,124.8371
2019-03-15,126.3908,126.3527,125.0227,137.8300,115.8378,106.8365,148.7098,112.7094,139.4782,125.0299
2019-03-18,123.0294,122.9820,121.8239,134.3697,112.5504,104.0586,145.4701,112.3861,136.0345,127.1989
2019-03-19,122.5179,122.4895,121.3676,134.4680,112.5050,102.8312,143.6656,112.4406,135.7538,129.0066
2019-03-20,120.4386,120.4148,119.4472,132.8687,111.6310,101.2570,141.2215,111.9830,133.6494,127.8368
2019-03-21,120.0789,120.0519,119.0318,132.4074,111.4649,100.9890,140.9706,112.2749,133.5566,127.0171
2019-03-22,123.3386,123.3135,122.0695,135.0575,113.7166,102.9044,143.5327,111.9105,136.8086,126.7792
2019-03-25,122.9671,122.9525,121.6992,134.4128,112.7218,103.1197,140.7190,111.5933,136.0671,127.2948
2019-03-26,123.6253,123.6085,122.3477,134.8962,113.5434,102.7444,140.5113,111.2546,135.6504,126.1165
2019-03-27,121.1212,121.1077,119.9430,132.2964,111.3450,101.1285,137.9032,111.1653,134.0212,126.3201
2019-03-28,122.4505,122.4318,121.2001,133.3291,112.5178,101.7349,138.7038,110.6562,134.3698,124.6499
2019-03-29,123.3666,123.3448,122.1861,134.1770,114.3338,101.9390,138.7898,110.5500,135.1748,126.0450
2019-04-01,122.6867,122.6563,121.4845,133.4268,113.4623,102.1224,138.7784,110.1144,134.9288,127.4996
2019-04-02,122.3617,122.3246,121.3012,133.7717,114.4862,101.5169,137.0323,109.7118,134.4133,128.8153
2019-04-03,122.9576,122.9118,121.8687,134.6889,114.9132,101.2471,136.6261,110.0162,134.5300,126.8246
2019-04-04,123.5259,123.4676,122.3586,135.2060,115.0109,102.6898,138.5760,109.8332,134.2962,126.8904
2019-04-05,123.2931,123.2350,122.0076,134.6858,114.2105,102.3456,138.7237,109.9451,133.6232,128.5396
2019-04-08,122.7877,122.7192,121.4499,133.8730,113.4196,102.6383,138.3390,110.2049,133.3405,127.3649
2019-04-09,123.1447,123.0781,121.8465,134.8183,114.3793,102.9905,140.1497,110.2880,134.3037,127.5859
2019-04-10,123.0788,123.0174,121.8659,135.2059,114.7250,102.3873,140.3492,110.1051,134.4781,128.5098
2019-04-11,121.5078,121.4560,120.4878,133.9607,113.9712,101.3651,142.1708,110.4496,133.8368,128.6112
2019-04-12,120.7083,120.6729,119.6794,132.4334,113.3275,101.1830,142.4160,110.5088,133.1770,127.9712
2019-04-15,118.8983,118.8623,118.0459,130.2804,111.6532,100.1222,140.0507,110.3486,130.3489,128.5318
2019-04-16,119.3433,119.3021,118.5349,130.7727,112.6445,99.6242,139.6742,110.2189,130.3124,127.0990
2019-04-17,121.5140,121.4726,120.7999,132.8067,115.3165,100.8146,142.7237,110.0805,132.1073,125.8888
2019-04-18,125.1842,125.1364,124.3661,136.1464,119.1671,103.0435,145.3048,110.0250,134.9510,124.3696
2019-04-19,127.2009,127.1614,126.3945,137.6244,122.0806,104.6240,148.6270,109.8165,136.8462,126.8181
2019-04-22,126.2002,126.1756,125.3658,135.9388,121.0133,103.5882,148.2989,109.9105,135.7617,125.2963
2019-04-23,128.1087,128.1072,127.2632,137.7135,123.0595,104.8546,149.9151,109.6844,137.1091,124.2538
2019-04-24,127.5339,127.5324,126.8218,137.6271,123.6494,104.7680,149.8696,109.8539,137.1366,122.2148
2019-04-25,128.4173,128.4230,127.7865,139.2565,125.7187,105.7900,152.7030,110.6019,138.9121,123.0276
2019-04-26,128.4679,128.4719,127.8183,139.3801,125.0072,105.7442,153.5567,110.5380,139.2659,123.3751
2019-04-29,130.1897,130.1905,129.4733,140.5925,126.2130,106.3805,153.8633,110.8209,140.7222,124.3806
2019-04-30,130.5066,130.5112,129.5940,140.4883,125.3046,107.3701,154.8606,110.8325,140.6600,124.8100
2019-05-01,130.6390,130.6444,129.8185,140.6947,125.3915,106.5350,156.4541,111.1234,140.9541,123.7914
2019-05-02,134.8655,134.8819,134.0348,145.0537,130.5679,109.9238,161.9097,111.1087,144.2774,122.4886
2019-05-03,134.5056,134.5220,133.5698,144.5455,129.5136,109.2867,160.1261,110.8737,144.0838,123.4035
2019-05-06,138.8453,138.8771,137.6743,148.7155,133.4596,111.7719,164.1161,110.8756,147.5657,123.3864
2019-05-07,139.2057,139.2350,138.1728,149.4666,135.1010,112.5525,165.0562,111.6470,148.1284,122.5116
2019-05-08,141.3832,141.4197,140.1568,151.0867,136.4303,114.6316,168.7161,111.1248,149.8032,120.1491
2019-05-09,139.7204,139.7577,138.6226,149.9431,135.0662,113.7738,167.4945,111.8704,149.6895,119.1897
2019-05-10,141.8367,141.8534,140.7354,152.0612,137.6483,116.0566,170.0602,111.8764,150.8189,121.4232
2019-05-13,144.3037,144.3154,143.2683,154.5356,141.2666,117.4733,170.8434,112.2732,153.6299,120.5327
2019-05-14,143.8780,143.8800,142.8130,153.9303,140.5910,117.8278,169.0709,112.4988,152.9933,121.0644
2019-05-15,146.9761,146.9811,145.8070,157.1534,143.4522,120.4146,171.2709,112.3024,155.5216,120.9870
2019-05-16,147.3771,147.3959,146.3534,157.6327,145.2356,120.2517,171.4604,112.9989,156.1509,122.5662
2019-05-17,147.3992,147.4013,146.2805,157.3150,144.0752,119.7854,171.7950,113.6596,156.3779,123.1496
2019-05-20,147.5590,147.5518,146.3741,157.7042,144.2880,120.3656,172.5858,113.1792,156.9088,122.6005
2019-05-21,146.2939,146.3008,145.0134,155.9163,141.8307,119.8671,173.2366,113.4963,155.7166,122.6530
2019-05-22,146.9988,146.9956,145.8681,156.7314,143.7909,120.7088,173.8039,113.3270,155.6405,122.3420
2019-05-23,145.6322,145.6230,144.5713,155.2641,142.7478,119.6959,173.2791,113.1393,154.2915,122.4929
2019-05-24,144.1377,144.1304,143.1584,153.8728,141.2106,118.3471,173.3330,112.6121,152.3114,123.6962
2019-05-27,144.7108,144.7009,143.4403,153.6593,140.3521,118.0794,174.1052,112.3749,152.3232,124.3999
2019-05-28,144.2589,144.2584,143.0054,152.4994,140.4756,117.9075,173.1694,113.0360,151.4546,125.0875
2019-05-29,143.7512,143.7485,142.4680,151.6797,139.4984,117.3167,171.9789,113.6496,150.7332,125.4038
2019-05-30,144.2789,144.2708,142.9623,152.6102,140.0930,118.8733,172.5056,113.7672,151.7572,125.3281
2019-05-31,145.9141,145.9256,144.3598,153.6797,141.0935,121.2364,173.6731,114.0530,152.5836,125.2221
2019-06-03,145.2814,145.2961,143.6770,152.3282,139.8129,120.5295,172.9102,114.2108,151.6586,124.9173
2019-06-04,145.1523,145.1673,143.6625,152.5097,140.0808,119.4550,170.0577,113.7763,151.2119,124.7970
2019-06-05,143.4754,143.4924,142.0966,150.8620,139.1192,118.4042,169.2039,113.6923,149.6034,122.4547
2019-06-06,145.0975,145.1215,143.6447,152.6699,141.1559,119.0850,169.4545,113.8093,150.3056,123.3147
2019-06-07,145.0675,145.0954,143.4647,152.1415,140.2270,119.0855,166.9691,112.8634,148.7693,123.2906
2019-06-10,146.2604,146.2976,144.4280,152.9591,140.8547,119.8005,167.4469,113.3372,150.0020,126.3809
2019-06-11,146.0392,146.0636,144.1054,152.3976,140.1080,119.3750,168.2862,113.4337,148.7582,127.7647
2019-06-12,146.9607,146.9949,144.9439,152.7501,141.4192,120.7259,171.4058,112.9282,150.0400,126.0219
2019-06-13,146.7354,146.7643,144.7532,152.2109,141.2673,119.9926,172.3234,112.8394,149.5649,126.8328
2019-06-14,147.4743,147.4990,145.6616,153.5050,143.8234,120.9293,172.8570,113.1049,150.8292,125.5172
2019-06-17,146.7696,146.8097,144.9418,152.6627,143.0060,120.1443,170.7289,113.4944,150.2685,126.6874
2019-06-18,148.0676,148.1036,145.9369,153.6469,142.1652,121.3478,173.6096,113.8732,151.4435,125.4191
2019-06-19,147.5522,147.5796,145.3901,153.3699,141.2705,121.2949,174.9772,114.0355,150.7981,126.5071
2019-06-20,147.9822,147.9900,145.7874,152.9144,140.8357,121.9432,177.9102,114.1176,151.1750,126.0549
2019-06-21,147.1521,147.1538,145.1668,152.7353,140.9601,121.3142,177.6176,113.2345,150.5574,124.4224
2019-06-24,146.6833,146.6945,144.6825,152.4176,140.4863,120.1931,175.9601,113.8643,150.3602,125.1858
2019-06-25,145.6056,145.6156,143.5371,150.8345,138.7041,119.8407,176.6513,113.7900,149.0275,124.2856
2019-06-26,146.1339,146.1455,143.8528,150.6462,138.0750,120.1773,175.3292,113.6777,148.7296,123.4663
2019-06-27,146.4397,146.4586,144.0709,151.1556,138.2463,120.4271,176.6727,113.6878,147.8907,122.9143
2019-06-28,145.7983,145.8211,143.4060,150.3972,136.7032,120.2672,175.5974,114.3424,148.4356,121.7700
2019-07-01,146.2020,146.2246,143.6643,150.6322,135.7251,120.7465,174.5915,114.6133,148.7127,120.6115
2019-07-02,145.6044,145.6245,143.1166,149.2552,135.7759,120.4055,173.1216,114.5834,146.8560,120.7150
2019-07-03,144.2875,144.3053,141.7538,148.5569,133.9942,119.3491,172.8118,114.9297,146.1820,120.1231
2019-07-04,143.0069,143.0268,140.5093,147.8092,133.0427,118.4200,174.3244,115.3869,145.6378,120.7940
2019-07-05,144.4320,144.4437,141.8220,150.0819,134.5748,119.9294,175.9151,115.5119,147.1235,120.1328
2019-07-08,142.4286,142.4260,139.9802,147.9476,133.0759,118.1181,174.6673,115.6430,145.7341,118.4574
2019-07-09,141.0523,141.0564,138.7394,146.4508,131.8428,116.7886,173.3956,116.3932,145.1392,119.4300
2019-07-10,140.2164,140.2178,138.0197,146.3649,131.9547,116.4996,173.0639,116.9990,145.2766,120.3864
2019-07-11,139.6271,139.6245,137.3217,145.4274,130.3544,116.1084,171.8740,116.7601,145.1158,119.2802
2019-07-12,137.7740,137.7813,135.6140,143.8980,128.9135,115.1223,170.9459,116.8786,144.1283,117.5522
2019-07-15,140.2969,140.3061,138.1089,146.5821,131.9538,116.3953,173.8571,116.7667,145.8799,118.1142
2019-07-16,140.8826,140.8970,138.6803,147.5263,132.1053,116.0245,174.4509,117.1527,146.3995,118.7996
2019-07-17,143.5051,143.5254,141.1828,150.1969,134.5765,117.5750,178.5169,116.6630,149.1255,119.5453
2019-07-18,144.6575,144.6825,142.1795,151.1607,135.4717,117.5598,179.4141,117.3616,150.4519,120.6289
2019-07-19,145.1340,145.1570,142.5854,151.2694,135.4323,118.2625,181.4638,117.0372,150.6145,120.4252
2019-07-22,147.3849,147.4062,144.8052,153.5497,138.4444,120.3876,184.1118,117.0736,152.6314,120.5687
2019-07-23,147.6062,147.6100,144.9445,153.2881,138.1024,120.8625,183.9260,116.6602,152.7933,121.0695
2019-07-24,147.1346,147.1499,144.5006,152.3929,137.4841,120.8397,186.5349,116.3527,152.3327,121.6132
2019-07-25,145.1697,145.1829,142.6914,151.0066,136.5879,119.8113,189.6893,117.3327,151.6442,119.6998
2019-07-26,144.8931,144.9002,142.4804,150.4494,136.7292,118.9576,188.9625,117.6353,151.0896,119.7606
2019-07-29,144.6520,144.6661,142.2973,150.5833,136.1663,119.2950,190.1823,117.2669,151.0733,120.2139
2019-07-30,145.5246,145.5223,143.0279,151.4004,136.9358,120.0654,191.3416,117.3973,151.8087,120.2895
2019-07-31,144.9778,144.9721,142.4741,150.7532,136.4405,119.4557,193.6257,117.2992,151.2682,121.6506
2019-08-01,145.0322,145.0467,142.5450,150.3644,136.5184,119.5963,195.1300,117.2410,151.1908,123.0827
2019-08-02,145.6060,145.6079,143.0908,151.1137,137.2995,120.5591,194.7203,117.1939,152.3053,125.2075
2019-08-05,145.5675,145.5774,143.1596,151.0577,137.7422,119.6369,192.9496,117.8537,152.9366,123.6482
2019-08-06,146.4723,146.4840,144.0280,151.8913,138.7906,120.0718,194.3534,117.6644,153.1422,125.7595
2019-08-07,146.7138,146.7188,144.2928,152.1510,139.1621,120.4289,192.5774,117.6485,153.1009,124.9617
2019-08-08,142.3388,142.3418,139.9393,148.1580,134.1382,117.1142,183.4430,118.1812,148.8901,125.4385
2019-08-09,142.9034,142.9268,140.4328,148.8698,134.1572,118.2837,184.3342,118.4187,149.2796,128.9700
2019-08-12,143.3682,143.3746,140.9918,149.3966,135.1580,119.2242,185.7944,118.7980,150.5199,128.7112
2019-08-13,144.2077,144.2217,141.5905,150.5967,134.5954,118.9612,186.4272,118.9819,152.1284,128.1433
2019-08-14,146.9417,146.9342,144.1996,153.4358,136.9231,120.6989,188.4072,118.6585,154.6377,127.7794
2019-08-15,146.9480,146.9490,144.3186,154.4597,138.1819,120.8976,190.0242,118.8201,154.6090,127.7693
2019-08-16,149.4508,149.4510,146.7912,156.4332,140.8175,123.0862,191.0273,118.8050,156.2994,129.0505
2019-08-19,148.9390,148.9433,146.3003,156.0700,140.7076,122.9233,191.1545,119.0546,156.4848,128.7499
2019-08-20,148.6979,148.7014,146.0581,155.5985,139.7013,122.9584,189.7116,118.2913,155.8706,128.0187
2019-08-21,147.8952,147.8897,145.1856,154.3820,137.6688,122.8754,187.6823,117.8341,155.4481,128.2867
2019-08-22,147.6135,147.6272,145.0276,154.5197,138.3150,121.9644,188.4697,117.8566,156.1860,128.6548
2019-08-23,146.9033,146.9149,144.2836,153.5798,137.3715,121.5117,188.8562,117.7542,155.5068,127.1595
2019-08-26,146.0979,146.1068,143.4011,152.7005,135.5773,120.7677,189.8692,117.7823,154.7109,127.8057
2019-08-27,144.3104,144.3264,141.6103,150.6288,133.0593,119.5607,187.0859,118.0169,153.0902,128.4026
2019-08-28,143.4140,143.4390,140.7072,149.9282,131.7689,118.9729,186.6212,118.2274,151.9303,130.0015
2019-08-29,144.5713,144.5951,141.7593,151.0391,131.9321,120.1455,187.4535,118.2926,153.3114,131.6474
2019-08-30,146.2275,146.2615,143.3264,152.3699,133.2739,121.1915,191.1063,119.0962,154.6705,132.7263
2019-09-02,145.7194,145.7468,142.8591,152.4000,133.4137,121.4997,193.3358,119.3276,154.7424,132.7629
2019-09-03,145.4300,145.4445,142.5535,152.4173,133.1510,122.0260,193.5384,119.5546,154.3650,132.7092
2019-09-04,145.4361,145.4468,142.4946,151.9696,132.9409,122.8460,192.4054,119.9079,155.4615,132.6521
2019-09-05,143.9367,143.9449,141.0526,150.5342,131.5323,122.2403,189.5054,120.2167,154.1170,135.5729
2019-09-06,144.1456,144.1431,141.2596,151.4420,131.9988,122.3951,191.3923,119.5595,154.4514,134.5711
2019-09-09,143.2710,143.2649,140.2869,150.5309,130.2102,121.8300,189.7065,119.2787,153.2693,136.7245
2019-09-10,144.9568,144.9620,141.8923,152.2414,131.7698,123.0699,190.8993,118.4572,155.6004,136.9085
2019-09-11,144.1146,144.1059,141.0413,151.1028,130.6950,120.8920,189.1817,118.4141,154.5875,138.3432
2019-09-12,144.7368,144.7373,141.7156,151.5734,132.0727,122.5855,189.9601,118.3553,154.4126,139.1530
2019-09-13,143.4899,143.4928,140.7116,150.3388,131.9094,122.0257,188.7467,118.4158,152.1122,137.2471
2019-09-16,143.9661,143.9849,141.0222,150.6705,131.5614,123.3932,188.9672,118.3462,152.0620,137.8724
2019-09-17,144.6336,144.6475,141.5463,151.1333,131.4427,124.5233,190.8319,117.5378,151.9913,134.9479
2019-09-18,144.6982,144.7122,141.4312,150.7386,130.6629,124.2091,191.6002,116.6128,151.2208,135.7563
2019-09-19,145.4749,145.4872,142.2708,151.7821,132.1653,124.1957,192.5871,116.9776,152.6884,135.5099
2019-09-20,146.2251,146.2300,142.9243,152.3961,132.7591,125.3533,191.5159,117.9493,153.3098,137.4408
2019-09-23,145.6482,145.6562,142.2578,151.6833,131.3786,124.9200,190.2823,117.8444,152.9282,133.9363
2019-09-24,146.6526,146.6732,143.1481,152.6914,132.0520,125.4142,190.4430,117.5793,153.8601,134.4756
2019-09-25,147.1887,147.2031,143.7761,153.3635,133.6677,125.9984,191.7807,118.0475,155.1191,136.5232
2019-09-26,147.2052,147.2314,143.8057,153.8272,133.8971,125.2806,193.3215,117.0380,154.3626,136.1480
2019-09-27,148.7236,148.7493,145.3609,155.6365,135.6042,126.6782,193.7747,117.1089,156.7959,136.5714
2019-09-30,149.1567,149.2009,145.6834,156.1474,136.0169,126.2036,195.9946,116.3264,156.1678,133.4529
2019-10-01,149.5807,149.6174,146.1522,156.9103,136.8085,126.3046,194.4216,115.7456,156.4341,133.0387
2019-10-02,149.8679,149.9017,146.3891,157.2059,136.6710,127.4063,194.1185,115.8573,156.1568,133.6655
2019-10-03,148.3136,148.3447,145.1082,155.4078,136.2620,126.6016,191.6435,116.2400,154.8940,135.3967
2019-10-04,147.0899,147.0990,144.0392,154.7105,135.3812,125.4748,190.2195,116.7642,153.8122,134.5806
2019-10-07,146.7394,146.7657,143.5692,153.7780,133.7181,124.7162,190.6827,116.4764,153.2567,135.0083
2019-10-08,147.0354,147.0601,143.9068,154.7332,134.1375,124.4120,189.3904,116.2940,153.6015,136.3060
2019-10-09,149.0633,149.0806,145.8725,156.0878,136.5064,126.1938,191.8738,116.2427,154.7141,136.4787
2019-10-10,149.2413,149.2602,146.0456,156.3249,136.2582,126.7462,190.8551,115.7908,155.0030,136.9074
2019-10-11,149.4975,149.5302,146.2382,156.5703,136.2198,126.1381,192.2442,115.1476,154.0459,136.4848
2019-10-14,150.4773,150.5113,147.4343,157.2974,138.2869,126.7667,192.4249,115.0530,153.6538,138.1380
2019-10-15,152.0579,152.0909,148.8770,158.9192,139.5916,128.0987,194.0885,115.3752,155.4540,139.9668
2019-10-16,151.9917,152.0060,148.7042,158.2862,138.3577,127.9497,193.6056,115.2979,154.9915,140.5587
2019-10-17,149.9103,149.9330,146.7121,155.9663,136.1953,126.2267,191.9719,115.3868,152.9969,140.1061
2019-10-18,148.9961,149.0278,145.9456,155.3585,136.0169,125.6268,190.4925,115.8288,152.8065,140.0672
2019-10-21,148.3164,148.3485,145.3401,154.7485,135.3894,125.6215,189.3982,115.8741,151.1542,139.7970
2019-10-22,148.3573,148.4085,145.4385,155.0186,136.1703,125.6332,188.2524,115.5677,151.1110,139.4169
2019-10-23,148.5790,148.5937,145.8771,155.7396,137.9558,125.1386,187.4330,115.3655,150.7513,140.7431
2019-10-24,149.2073,149.2230,146.5194,156.4711,138.2275,125.0877,190.2341,114.7268,150.9809,140.3332
2019-10-25,149.5970,149.6237,146.8513,157.3006,138.5645,125.4495,193.1943,114.8572,151.7747,139.6875
2019-10-28,148.8956,148.9311,146.0329,155.5089,137.2729,125.1614,191.3113,114.3398,150.0116,140.9355
2019-10-29,148.7172,148.7613,145.8758,155.6938,137.1904,124.4858,191.1508,114.0580,149.4013,140.8832
2019-10-30,148.7089,148.7590,145.9150,155.5290,137.3969,124.5845,193.1656,113.8998,148.8161,142.0757
2019-10-31,151.4354,151.4940,148.4823,158.2985,140.4442,126.0809,196.1350,113.9931,151.3231,141.1941
2019-11-01,150.7828,150.8354,147.8777,158.1056,140.0061,125.3747,193.3773,113.7602,150.7035,138.8614
2019-11-04,150.5788,150.6340,147.6987,158.0719,140.3733,125.4228,192.4297,114.1515,150.5550,139.5888
2019-11-05,150.3122,150.3565,147.4085,158.1506,139.7724,125.5724,191.7355,113.5921,150.3434,139.6567
2019-11-06,151.5094,151.5720,148.4049,158.8526,140.4108,126.0357,194.9953,113.0933,151.3858,141.7790
2019-11-07,149.7917,149.8709,146.7146,156.8071,138.4353,124.6729,191.5476,112.2319,149.4155,142.1066
2019-11-08,151.8231,151.8956,148.8168,158.5327,141.5367,125.0811,193.1100,111.5799,150.2109,143.8226
2019-11-11,150.6425,150.7205,147.6081,157.9515,139.8960,124.3165,191.4951,111.7300,149.4232,144.1385
2019-11-12,150.7237,150.8024,147.7075,158.3362,139.9066,124.9852,190.9677,112.2861,149.7024,146.1388
2019-11-13,150.4853,150.5691,147.5154,157.9378,139.7576,125.8986,189.5577,112.3075,149.0618,144.5546
2019-11-14,151.3986,151.4723,147.9965,157.9352,137.9466,126.7095,189.5917,111.5364,149.3814,145.5357
2019-11-15,152.3890,152.4977,148.9827,159.1578,139.3377,127.1281,189.3602,111.7099,150.2341,143.9241
2019-11-18,152.7415,152.8554,149.3084,159.5690,139.5748,126.4992,190.5336,112.0917,151.3368,143.6798
2019-11-19,153.5650,153.6788,149.9003,159.7884,138.8956,127.4611,192.2794,112.4745,152.1264,144.9170
2019-11-20,154.2283,154.3643,150.4247,160.6242,138.6285,127.7057,192.0528,112.5130,152.5098,144.4260
2019-11-21,154.4148,154.5382,150.6067,160.9023,139.2152,126.8219,190.2938,112.2136,152.8002,146.0240
2019-11-22,155.8017,155.9160,151.9500,162.0692,140.4003,128.0389,194.9205,112.8178,154.6639,146.8247
2019-11-25,155.7242,155.8425,151.8429,162.2019,140.5480,127.4414,193.9046,112.4731,154.6668,145.5178
2019-11-26,157.3946,157.5354,153.4210,163.5383,142.6620,128.3285,195.0371,112.9145,155.7220,149.1461
2019-11-27,160.4354,160.5653,156.3099,166.5248,145.3950,130.3928,197.9217,112.6559,158.8357,150.1424
2019-11-28,157.5836,157.7132,153.6814,163.6016,143.0240,128.8910,197.3007,112.3279,155.9604,147.8564
2019-11-29,158.8213,158.9597,154.9213,164.9388,144.8310,129.0578,197.2800,112.4975,157.3259,147.4737
2019-12-02,158.9992,159.1402,155.1142,165.0414,144.2194,129.5459,197.0925,112.2530,157.7001,146.8496
2019-12-03,160.1332,160.2844,156.3682,165.9832,146.1940,129.9332,194.9924,111.7021,158.6213,148.9663
2019-12-04,161.1329,161.2647,157.3911,167.0235,147.8370,130.6362,194.4534,111.7890,158.9650,148.5326
2019-12-05,162.9588,163.0701,159.1959,168.9659,150.0043,131.7423,194.6023,111.5580,160.1534,150.6478
2019-12-06,163.4256,163.5216,159.6291,169.3627,149.8349,132.4522,195.7344,111.8162,160.4554,150.4108
2019-12-09,162.8956,162.9933,159.0052,168.7212,148.7160,132.7246,195.9881,111.1227,159.1267,149.0799
2019-12-10,162.1831,162.2750,158.1884,168.0857,146.8951,132.4365,195.1132,111.6831,158.6390,148.9012
2019-12-11,161.8239,161.9067,157.7779,167.5594,145.9461,131.5483,192.0450,111.6873,157.5413,151.5767
2019-12-12,162.6755,162.7549,158.4245,167.7208,145.7989,132.0694,190.9772,111.5652,158.5723,151.6804
2019-12-13,164.4512,164.5308,160.0220,169.4494,147.3265,133.0593,190.8221,111.4623,160.3343,151.4897
2019-12-16,163.1141,163.1968,158.6900,168.6372,145.8663,131.8308,188.4645,111.4859,160.0238,152.0488
2019-12-17,162.6327,162.7184,158.1873,168.9398,145.1841,131.4163,187.3456,112.4593,160.5808,151.1292
2019-12-18,161.8655,161.9385,157.4198,168.0316,143.9040,131.6285,188.5958,112.4774,159.9276,154.4658
2019-12-19,161.8714,161.9519,157.4599,167.7624,144.6157,132.0607,188.2935,112.9517,159.9711,153.3612
2019-12-20,162.8244,162.9079,158.4784,168.7393,146.4092,132.3629,189.6971,113.4032,161.2213,152.7951
2019-12-23,163.0365,163.1324,158.7934,169.5321,147.4174,132.9834,190.8728,113.1645,161.7942,151.0741
2019-12-24,161.5593,161.6526,157.4055,168.6177,145.4972,131.8634,187.2629,113.6742,161.4664,151.3178
2019-12-25,161.2675,161.3547,157.1096,168.9772,145.3763,131.8043,187.6466,113.7161,160.7957,153.4366
2019-12-26,160.2926,160.3763,156.0710,168.7942,143.9959,131.4675,186.5117,113.1732,159.3074,153.1569
2019-12-27,160.5197,160.5992,156.3999,168.9449,144.7560,132.0629,186.1177,112.8979,158.7696,154.6633
2019-12-30,160.4480,160.5279,156.4587,169.7167,145.2731,131.1873,187.8223,113.1119,159.7924,153.4328
2019-12-31,159.3104,159.3762,155.4174,168.9801,144.2752,129.9931,185.3518,112.8804,159.2039,153.4754
2020-01-01,159.3333,159.4174,155.4573,168.2655,144.2877,129.0148,184.9625,113.8147,158.8397,154.5132
2020-01-02,159.1990,159.2983,155.3590,168.6177,144.6151,128.9253,185.8573,114.1460,159.2231,157.2356
2020-01-03,158.5791,158.6947,154.6805,167.7635,143.2236,128.1163,185.1310,114.6891,159.2383,157.8902
2020-01-06,157.5050,157.6053,153.4590,165.7473,140.6214,126.6609,181.9729,114.1940,158.2693,156.8872
2020-01-07,157.6594,157.7596,153.5310,165.9242,140.1420,126.7208,182.4284,114.6086,158.5064,156.7964
2020-01-08,158.4786,158.5868,154.4468,166.5785,141.8591,127.7878,185.1987,115.2570,159.8628,155.7590
2020-01-09,158.5445,158.6443,154.2961,166.1514,140.5279,127.7970,187.5681,115.3200,160.2727,153.7143
2020-01-10,156.7379,156.8424,152.5535,163.8791,139.5611,126.6293,184.7343,114.9320,158.1842,153.3607
2020-01-13,157.4591,157.5786,153.1521,164.2847,139.6757,127.3034,183.7764,115.4465,159.3753,154.9222
2020-01-14,159.1822,159.2879,154.7546,165.9279,141.3146,128.9128,184.7851,115.4587,161.1616,154.5323
2020-01-15,160.3294,160.4329,155.7376,167.1991,141.9495,130.0354,186.3495,115.5460,161.7518,155.2519
2020-01-16,160.8992,160.9999,156.2938,167.0319,143.5653,130.1746,187.3387,115.7920,161.9685,154.1800
2020-01-17,161.0909,161.2056,156.3876,166.3030,143.3641,130.6751,188.4547,115.9302,161.8730,153.6367
2020-01-20,161.4165,161.5376,156.7897,166.9186,144.5129,130.3018,185.7520,115.7396,162.2427,151.6506
2020-01-21,162.0638,162.1752,157.4399,167.0560,145.7923,131.0066,188.5488,115.6788,162.6002,151.9905
2020-01-22,161.8532,161.9692,157.2026,167.1584,145.5701,130.7436,189.5755,116.1383,161.8877,152.1226
2020-01-23,161.6359,161.7416,157.0840,167.2787,144.9350,130.0234,188.2622,116.5543,163.0516,151.9661
2020-01-24,161.2420,161.3543,156.7419,166.9014,144.5819,130.2276,188.8251,116.3594,162.0514,153.3133
2020-01-27,159.4368,159.5322,155.1575,165.5043,144.0139,128.9151,187.9118,115.6452,161.0510,154.3675
2020-01-28,158.7281,158.8272,154.5102,164.7275,143.4080,128.0247,187.3199,115.9170,160.0148,156.5529
2020-01-29,157.2626,157.3901,153.2556,163.5086,142.0800,126.9452,186.4684,115.7900,158.8298,157.6383
2020-01-30,157.7093,157.8641,153.6050,163.7010,142.4411,127.1071,185.6712,115.6862,159.1277,156.9029
2020-01-31,155.4028,155.5487,151.5231,161.7226,141.4518,124.7986,184.4312,115.4439,157.7297,158.7535
2020-02-03,155.7519,155.9070,151.8148,161.5128,141.6156,125.4161,184.6917,115.8753,157.2962,159.1304
2020-02-04,157.1336,157.2899,153.2096,162.8934,143.9347,127.1460,186.4615,115.9587,157.7351,159.5788
2020-02-05,157.7621,157.9108,153.7773,163.7978,144.4081,127.3604,186.3816,115.6442,158.3282,157.8412
2020-02-06,157.7515,157.8853,153.7922,163.8833,144.8186,128.4160,187.0790,115.7140,157.5101,157.1985
2020-02-07,156.5695,156.7058,152.7532,163.7998,144.4033,127.9465,183.6870,115.7550,157.7261,153.7023
2020-02-10,155.3735,155.5257,151.4736,162.1760,142.0113,126.9610,182.4182,116.0415,156.5604,151.8857
2020-02-11,155.4241,155.5748,151.6325,162.3497,143.0192,127.1601,181.0120,115.5573,155.8225,150.9754
2020-02-12,155.3848,155.5360,151.6292,162.4790,143.5713,127.2499,180.4797,115.3026,155.4355,150.5567
2020-02-13,156.4400,156.5700,152.8425,163.4753,145.2989,128.1167,182.9154,115.2168,156.8381,150.9252
2020-02-14,156.7897,156.9259,153.2936,164.4245,145.9619,128.3528,183.7290,115.2101,157.6693,149.9758
2020-02-17,156.1813,156.3080,152.7402,164.0051,145.6620,127.7825,184.5467,115.1080,157.8576,151.3875
2020-02-18,156.3036,156.4335,152.9316,164.2340,146.2156,128.3325,184.6723,114.7502,157.8299,152.6710
2020-02-19,159.2919,159.4192,155.7853,167.1015,150.1129,129.2607,185.3220,115.0136,160.0277,150.8008
2020-02-20,154.8460,154.9675,151.4800,162.6150,144.9303,126.2294,179.9715,114.9933,155.8424,150.4111
2020-02-21,158.2565,158.3792,154.8444,165.8752,149.3471,128.2912,182.9232,115.1826,159.3266,148.6506
2020-02-24,156.6478,156.7553,153.3575,164.8421,148.1583,127.0867,182.3180,114.3863,157.0453,150.8855
2020-02-25,154.8012,154.8961,151.6363,163.0728,146.4939,125.7984,180.5191,114.4852,156.1811,152.3911
2020-02-26,163.1380,163.2470,159.4911,170.7211,153.8486,131.3875,189.2563,114.7519,163.3453,154.7255
2020-02-27,161.0004,161.1155,157.5048,169.1477,151.8098,129.6283,188.2802,114.7711,161.7608,154.3993
2020-02-28,155.1196,155.2245,152.0825,163.8023,146.7225,125.6828,181.8419,114.7807,157.1527,152.0686
2020-03-02,152.4980,152.5941,149.7152,161.6108,144.9305,124.0626,180.5192,114.9592,155.1685,150.8916
2020-03-03,148.5237,148.6373,145.7094,157.1421,139.8441,121.0284,174.4455,115.0518,153.0689,149.8585
2020-03-04,142.5336,142.6352,139.9078,151.4028,133.1243,117.2009,170.8933,114.5780,147.8770,148.1759
2020-03-05,141.9508,142.0521,139.2815,151.0376,131.7306,116.7793,173.1148,115.0654,148.1190,148.1430
2020-03-06,139.0559,139.1651,136.5001,148.3046,129.0361,114.6688,172.6961,115.2090,145.5638,149.6428
2020-03-09,139.3429,139.4641,136.7946,148.5925,129.8623,114.2860,173.3507,114.6348,145.6793,149.9543
2020-03-10,140.0465,140.1535,137.4561,149.3538,130.5140,113.6094,173.1114,114.3359,145.8138,146.9601
2020-03-11,137.9072,138.0075,135.1497,146.8534,126.5550,112.2741,171.4344,114.9541,143.8135,145.5604
2020-03-12,134.0297,134.1402,131.5269,143.3375,122.7533,109.9556,168.1779,114.5892,140.6380,143.8478
2020-03-13,130.7479,130.8490,128.4004,140.5238,119.6256,107.2936,163.7265,114.7467,137.7712,145.7716
2020-03-16,128.9419,129.0534,126.6574,138.5797,118.1663,106.2133,162.5968,114.6273,135.6530,147.0511
2020-03-17,127.5688,127.6772,125.3191,137.1041,116.5480,104.9423,158.4170,115.2308,135.6578,147.6893
2020-03-18,127.2105,127.3183,124.9677,137.0563,115.5651,103.9131,158.4652,115.0522,134.9423,147.6613
2020-03-19,122.1378,122.2624,120.1211,132.5778,110.4347,100.5716,154.4585,114.6671,130.4482,149.1254
2020-03-20,123.6051,123.7238,121.6001,134.3664,111.8120,100.9095,156.9083,114.1121,131.7854,150.2875
2020-03-23,122.2805,122.3847,120.2934,132.6459,110.3885,100.5295,155.7405,114.1043,130.6955,150.7883
2020-03-24,121.2268,121.3263,119.3297,131.9777,109.3826,100.1155,154.4376,114.7950,130.2697,148.3190
2020-03-25,121.7956,121.8859,119.9157,132.4848,110.0105,99.8452,153.1637,115.4860,131.0487,149.4104
2020-03-26,121.7292,121.8228,119.8492,132.1451,110.1304,99.9758,152.2353,115.7512,130.6685,150.6318
2020-03-27,121.5284,121.6214,119.6215,131.6314,109.7415,100.8126,153.6650,115.7313,129.9555,149.4730
2020-03-30,123.8821,123.9764,121.9428,133.4288,112.4028,102.0459,158.0630,115.0131,131.7096,148.4078
2020-03-31,124.2166,124.2952,122.2952,133.9485,113.0155,101.9016,157.8432,114.7774,131.9466,148.9723
2020-04-01,122.3419,122.4176,120.5190,131.9813,111.0913,100.6787,154.1428,115.1987,129.9626,150.6393
2020-04-02,122.8844,122.9475,120.9407,132.5542,110.9458,101.3947,156.5660,115.0000,130.1152,152.0228
2020-04-03,120.8548,120.9265,119.0040,130.0295,109.7198,99.4283,154.2887,115.0128,128.3278,150.9143
2020-04-06,123.1966,123.2656,121.3436,132.7408,112.8812,100.4795,155.3471,115.6860,130.5679,151.6032
2020-04-07,124.4290,124.5001,122.4724,133.5651,114.3315,101.9710,156.4440,115.5270,131.3566,152.9179
2020-04-08,125.6181,125.7006,123.6487,134.8279,115.8452,102.8947,160.0408,115.7843,132.2360,151.6392
2020-04-09,128.5128,128.5960,126.4826,137.5651,119.0583,104.3613,163.1255,115.5111,133.6624,148.9989
2020-04-10,130.2326,130.3235,128.2143,139.2037,120.8034,105.5756,165.6001,115.3234,134.8635,149.9775
2020-04-13,128.7346,128.8360,126.7885,137.9882,119.6580,105.0813,164.6955,114.8339,133.8919,152.5650
2020-04-14,127.6911,127.8097,125.7104,137.1305,118.1744,103.4664,160.7867,114.1759,132.3193,152.1864
2020-04-15,128.8931,129.0119,126.6900,138.1005,118.5269,103.9332,161.3060,114.2010,133.6094,150.4746
2020-04-16,130.9462,131.0699,128.6425,139.9294,120.8444,106.1375,160.0693,113.9396,134.9855,148.7058
2020-04-17,132.1835,132.3118,129.8217,141.2921,122.2560,107.3312,161.2899,114.1663,136.7555,152.0772
2020-04-20,132.6449,132.7796,130.2923,142.5721,122.7805,107.6954,161.4058,113.7557,137.1568,152.8170
2020-04-21,133.0391,133.1547,130.6616,143.0820,123.3656,107.5273,160.2812,113.7666,137.9079,151.7394
2020-04-22,131.1980,131.3267,128.9612,141.3166,121.7564,106.1647,156.8828,114.4628,136.0928,152.2490
2020-04-23,126.9644,127.0723,124.9582,137.2038,118.4795,103.2630,151.5583,114.0721,131.8352,150.1021
2020-04-24,128.3757,128.4849,126.3345,138.8359,119.9837,105.0939,153.7158,113.3010,131.7899,149.6096
2020-04-27,127.6513,127.7653,125.4697,137.7234,117.6610,105.0294,153.7605,114.4304,132.1551,151.6973
2020-04-28,127.4400,127.5749,125.3976,137.3389,118.4153,104.8390,154.2262,114.5141,132.1892,153.9255
2020-04-29,128.3895,128.5157,126.1884,137.8387,118.9648,105.2549,156.1689,115.5631,134.1187,152.7953
2020-04-30,127.7969,127.9221,125.7229,136.9435,118.9595,105.4295,153.4202,115.5042,133.0850,152.5831
2020-05-01,128.0222,128.1512,125.8491,137.2139,118.8429,104.9660,154.0866,115.2440,133.1985,152.8716
2020-05-04,128.6429,128.7828,126.5444,137.5282,120.1013,105.8706,154.0150,115.0178,134.0219,154.2592
2020-05-05,126.7363,126.8763,124.6214,135.4470,117.5119,104.5836,152.1015,114.3642,131.7381,152.2214
2020-05-06,129.2188,129.3669,126.9955,137.5851,120.2513,106.7351,154.9801,114.2751,133.6813,149.8549
2020-05-07,130.3381,130.4805,128.0224,137.8986,120.8227,107.2818,155.2157,114.2735,134.1070,149.4969
2020-05-08,128.0269,128.1461,125.7916,135.3281,118.2535,104.9699,149.6664,114.5944,132.2219,149.0334
2020-05-11,130.8147,130.9426,128.4100,138.0475,120.5537,107.2048,153.8562,114.1476,134.4249,150.3966
2020-05-12,133.6421,133.7858,131.0979,140.9799,123.2468,109.3245,157.3584,113.7646,136.7436,150.5486
2020-05-13,133.4734,133.6187,130.8192,140.2701,122.3783,108.6433,157.2441,114.1469,136.6237,151.5686
2020-05-14,133.5995,133.7409,131.0015,141.0813,122.6518,108.0963,158.1949,113.4280,136.4363,151.9405
2020-05-15,133.2291,133.3663,130.6365,140.4545,123.1351,108.5900,157.8480,113.9526,136.5123,152.3602
2020-05-18,132.5429,132.6603,130.0503,139.5860,123.0678,108.5015,160.2986,114.0246,136.1960,151.4208
2020-05-19,132.3522,132.4830,129.7726,138.8806,121.9020,108.5457,161.2523,114.0015,136.6084,153.1129
2020-05-20,135.6372,135.7654,132.9978,142.7491,125.9218,111.1372,163.9879,113.9889,140.5475,153.7835
2020-05-21,139.2067,139.3480,136.5151,146.7976,130.4364,113.5535,168.7934,113.7148,144.1261,153.7078
2020-05-22,140.2855,140.4309,137.5892,147.7229,131.9842,113.0737,169.2253,113.6809,145.2010,155.5735
2020-05-25,143.3309,143.4852,140.4957,149.7972,134.8994,115.7659,173.0577,113.3331,147.1291,156.1809
2020-05-26,142.5677,142.7143,139.6921,149.0761,133.2843,116.0979,170.3280,113.8351,147.0708,154.3802
2020-05-27,143.3396,143.4789,140.6222,149.9774,135.7023,116.0870,172.3387,113.9969,148.0878,153.8308
2020-05-28,142.5938,142.7194,139.8053,149.0299,134.3670,115.5228,173.8542,114.4372,147.7434,156.2618
2020-05-29,141.5132,141.6299,138.7930,148.0543,133.3741,115.0545,170.3340,113.9965,146.7372,158.9215
2020-06-01,143.8355,143.9545,140.9958,150.7647,135.5454,115.9825,171.2311,114.2640,149.3131,157.7029
2020-06-02,141.9671,142.0735,139.2322,149.2672,134.4011,114.3318,167.7256,113.7556,148.2924,158.2989
2020-06-03,139.1311,139.2209,136.4452,146.8960,131.3849,113.5573,165.5743,113.8492,146.0785,158.4318
2020-06-04,138.1844,138.2781,135.6924,145.9225,131.6803,112.8628,163.5027,113.6020,144.3594,158.2287
2020-06-05,136.9904,137.0715,134.4966,144.4802,130.3795,112.1439,164.9418,113.3810,143.9164,160.9112
2020-06-08,135.5076,135.5799,133.0565,142.8708,129.0560,111.2555,160.2255,113.0384,142.7266,159.0810
2020-06-09,139.7552,139.8104,137.0648,146.7101,132.9678,114.2804,164.3266,112.8090,146.4214,160.0200
2020-06-10,145.5731,145.6458,142.6003,152.2656,139.4167,118.7750,167.6397,113.2321,151.4595,159.6498
2020-06-11,147.5975,147.6789,144.7484,154.3438,142.6662,120.3595,169.6020,113.7013,153.0347,160.3757
2020-06-12,133.6045,133.6741,131.3217,140.6448,127.9013,111.4115,153.9368,113.7457,141.1083,161.2767
2020-06-15,134.4966,134.5537,132.2494,141.8818,129.0921,112.0429,155.6150,113.8579,142.4373,162.5309
2020-06-16,138.8713,138.9388,136.3924,145.5187,133.2179,114.4794,159.9919,113.7074,146.3706,161.5494
2020-06-17,136.2431,136.2851,133.8860,143.1175,130.5998,112.5473,159.1916,113.1021,144.6542,160.7375
2020-06-18,138.7688,138.7995,136.3783,145.4518,133.0391,114.7540,163.5718,113.5996,147.3365,158.3325
2020-06-19,136.3901,136.4009,134.1017,143.7624,130.3085,112.8800,159.9990,113.4901,145.4194,159.1210
2020-06-22,138.4272,138.4324,136.0365,145.5902,132.8060,114.3996,166.0583,113.8058,147.3121,158.8841
2020-06-23,139.8441,139.8683,137.3705,146.8282,134.2440,115.3612,167.4104,113.6521,147.8885,159.3065
2020-06-24,135.9319,135.9575,133.5657,143.1628,129.8703,112.3047,162.2381,113.5007,145.1977,161.9181
2020-06-25,134.9580,134.9824,132.5061,142.4973,127.8702,111.8437,160.7015,113.2575,144.3271,162.6862
2020-06-26,136.1828,136.2110,133.5880,143.8180,128.2846,112.6820,161.4385,112.9733,145.1849,161.4812
2020-06-29,130.5818,130.6079,128.0893,137.8577,121.4943,109.7031,154.7646,112.7659,139.6203,163.0612
2020-06-30,131.2148,131.2397,128.7684,139.0642,122.8735,110.2160,155.0894,113.5989,140.2024,164.4291
2020-07-01,133.0380,133.0659,130.5680,140.8771,125.3922,110.7745,158.3313,113.5186,140.7667,165.3362
2020-07-02,145.2758,145.3074,142.4473,153.2419,139.3879,119.3317,171.2401,113.3591,151.8745,161.9493
2020-07-03,151.0686,151.1019,148.1088,159.2897,146.1185,123.3164,178.0301,113.6812,157.4985,161.3341
2020-07-06,152.4368,152.4832,149.4184,159.8159,146.4194,123.0252,178.8142,114.0238,158.2854,161.8148
2020-07-07,152.4160,152.4640,149.5087,159.5245,147.1101,123.5180,178.4912,114.8319,158.6040,161.9835
2020-07-08,155.8989,155.9379,152.7984,162.7265,149.9534,126.0909,180.9789,114.2196,160.6661,161.8993
2020-07-09,152.0125,152.0492,148.9998,158.9032,145.3492,123.1239,175.2378,114.6699,156.9285,163.4853
2020-07-10,150.7066,150.7317,147.8003,157.0587,144.4874,122.1779,170.9034,114.4324,155.8695,163.1679
2020-07-13,151.9292,151.9610,148.9146,158.4111,145.2109,123.0728,170.2998,115.0676,157.0217,163.3809
2020-07-14,152.1998,152.2490,149.0884,158.3063,144.7948,122.8324,171.1869,114.8018,156.7227,160.2912
2020-07-15,153.3254,153.3793,150.2529,159.6075,146.2828,124.4466,170.3463,115.0038,157.8014,160.3061
2020-07-16,156.9893,157.0284,153.8683,163.0082,150.5221,126.5669,171.8189,114.8529,161.1262,161.5904
2020-07-17,160.5597,160.6112,157.2480,166.7449,154.4198,128.4726,176.2664,114.4382,163.2024,160.4645
2020-07-20,160.2120,160.2477,156.9809,166.5564,154.2359,127.8960,174.8943,114.6999,163.8103,162.3259
2020-07-21,161.5015,161.5634,158.3626,167.6789,156.4055,128.5143,175.4730,114.8982,165.4263,160.7059
2020-07-22,165.1885,165.2337,162.0438,171.9615,162.2203,129.8800,178.8800,114.9151,169.2768,160.2276
2020-07-23,163.7996,163.8551,160.6406,170.7559,159.8498,129.9483,177.6449,115.6108,169.1240,159.1426
2020-07-24,161.9493,161.9922,158.7811,168.3226,157.2591,129.4112,175.3896,115.5917,167.7286,159.5200
2020-07-27,160.6170,160.6661,157.3713,166.4518,155.0490,128.5083,172.3066,115.9907,166.1589,157.8144
2020-07-28,159.1149,159.1380,155.9932,164.8910,153.8812,126.9625,168.6210,115.4784,164.6777,159.9623
2020-07-29,161.3349,161.3758,158.2472,167.4822,157.2319,128.1298,172.5537,115.3897,166.4108,162.5037
2020-07-30,167.5893,167.6106,164.1258,173.4134,163.4105,132.0523,174.7972,115.3587,172.7237,160.4632
2020-07-31,166.6325,166.6524,163.1114,171.9129,161.8828,131.1946,172.4972,116.0253,172.4379,157.3091
2020-08-03,170.0246,170.0480,166.2902,174.5195,165.0877,133.2528,174.1681,116.2929,175.4723,156.8023
2020-08-04,171.0136,171.0315,167.3340,175.1606,166.2650,134.7819,176.7259,116.4963,176.7114,157.7835
2020-08-05,169.2644,169.2850,165.9140,173.4599,166.1963,133.9363,174.6134,116.2498,175.0896,158.1256
2020-08-06,167.8455,167.8449,164.4575,172.8060,164.8184,132.9370,174.6342,115.4829,173.6967,157.8377
2020-08-07,172.7768,172.7895,169.2282,177.2736,170.4297,136.4011,182.3860,115.0519,176.9490,156.6295
2020-08-10,170.5058,170.5324,167.1269,175.2740,168.2140,134.3368,178.3692,115.4027,175.3610,159.3034
2020-08-11,174.3052,174.3332,170.6661,178.5507,171.4653,137.1246,180.3953,115.7914,178.2735,159.0818
2020-08-12,173.7533,173.7729,170.2044,178.0518,171.6090,136.9935,178.6414,115.5709,177.5867,158.8704
2020-08-13,177.3582,177.3522,173.4683,180.8770,174.9813,139.9960,178.3009,116.7980,181.4976,158.6167
2020-08-14,178.7610,178.7471,174.8193,182.0486,176.9378,141.2338,179.6931,116.9218,182.8686,159.1201
2020-08-17,178.6334,178.6024,174.5984,180.9985,175.0033,141.1874,180.1720,117.1784,182.9604,158.6804
2020-08-18,182.8612,182.8229,178.6191,185.3262,180.5458,145.2467,185.3709,117.1820,186.9074,157.8335
2020-08-19,189.3648,189.3301,184.9668,191.5980,188.2017,148.7793,192.5016,116.7761,192.4963,157.0830
2020-08-20,186.8386,186.7887,182.4165,188.8090,184.1126,146.7887,191.6110,116.6412,190.6003,155.8912
2020-08-21,188.2762,188.2276,183.7009,190.3885,184.6402,146.7845,192.3630,116.5823,191.7585,155.8015
2020-08-24,186.9962,186.9487,182.4829,189.3910,182.9767,145.6771,191.7510,116.5542,191.3904,155.8723
2020-08-25,187.7479,187.6754,183.2634,190.5017,184.9995,146.2618,192.0758,116.7404,192.7479,156.9643
2020-08-26,186.1513,186.0727,181.8077,188.9684,184.2639,145.8205,190.9859,116.4505,191.1814,156.4523
2020-08-27,188.9131,188.8411,184.6537,191.8254,188.1909,147.1498,193.7505,116.3298,193.9396,158.0109
2020-08-28,191.4509,191.4046,187.1012,194.6561,190.9558,148.9280,194.7348,116.2959,195.8113,156.7332
2020-08-31,192.3057,192.2566,187.8339,194.6036,191.1373,149.3142,193.3976,116.7320,195.8079,155.7707
2020-09-01,190.7286,190.6910,186.2329,193.5816,188.1893,147.9720,193.7086,117.2168,194.9841,156.0649
2020-09-02,189.6524,189.5975,185.4219,192.7844,188.4403,147.6113,193.8165,116.9674,194.0410,155.4258
2020-09-03,189.8032,189.7621,185.7253,193.2684,189.6523,147.7952,193.3373,117.0318,193.6190,154.3505
2020-09-04,190.8006,190.7424,186.7015,193.9406,190.2359,147.6822,195.6020,117.1253,195.0189,155.3073
2020-09-07,188.7630,188.6907,184.6476,192.5537,187.1937,147.4551,195.1589,117.3307,194.5466,155.5457
2020-09-08,188.5780,188.5113,184.7054,193.1160,188.9142,147.6124,197.8859,117.8904,195.8824,156.8632
2020-09-09,188.4745,188.4208,184.5511,192.1710,188.3276,148.2927,199.4578,118.1802,195.0564,155.5964
2020-09-10,186.9087,186.8320,183.0578,191.1266,187.1972,148.9144,197.8502,118.4011,194.3741,155.1165
2020-09-11,189.0792,189.0310,185.1290,192.7274,190.7781,150.2077,199.8471,117.9986,196.5349,157.1478
2020-09-14,188.7884,188.7427,184.8077,192.2304,189.8660,150.0108,200.8258,118.1116,196.1560,158.4730
2020-09-15,189.4227,189.3924,185.5217,192.8999,189.8859,150.3366,202.4775,117.6199,196.6836,160.9677
2020-09-16,186.6328,186.6281,182.9361,190.3483,188.0094,148.2390,197.9384,117.4330,194.0773,163.1808
2020-09-17,188.9562,188.9497,185.2608,192.4084,191.2319,150.0883,200.5079,116.5831,195.5146,163.2352
2020-09-18,189.3629,189.3540,185.6314,192.7370,190.6319,150.4143,201.5799,116.7346,196.3703,161.6310
2020-09-21,188.9057,188.8994,184.9317,192.5310,188.0087,150.7363,201.8172,116.6633,196.6627,159.5753
2020-09-22,187.4684,187.4566,183.7974,192.4983,187.9447,149.7305,200.7002,116.2391,195.3425,159.4268
2020-09-23,186.7380,186.7294,183.1542,192.2121,186.9441,148.8051,198.4171,115.8109,194.9638,155.7562
2020-09-24,187.5625,187.5424,184.0046,192.4252,188.1804,148.9893,197.9409,115.8840,194.4826,153.4846
2020-09-25,187.2238,187.1827,183.4084,192.0547,186.0613,148.4349,198.7925,115.8229,194.7883,154.3696
2020-09-28,186.4397,186.4111,182.5089,191.2110,184.1091,148.1893,199.1585,114.9456,192.6806,154.4532
2020-09-29,186.3317,186.2945,182.1996,190.4569,182.8388,149.0561,198.2013,115.0854,192.9160,154.8508
2020-09-30,186.1072,186.0354,181.9551,190.2378,183.2080,147.6699,199.6296,115.2680,194.4521,156.1915
2020-10-01,183.0192,182.9628,178.9435,187.6201,179.2998,146.1097,198.7304,115.8665,192.3393,156.4061
2020-10-02,189.5675,189.5179,185.1098,193.6901,186.0956,150.1999,208.3409,115.3343,198.1916,156.4947
2020-10-05,188.6596,188.6048,183.9652,192.2888,183.5713,148.7869,205.6597,114.8826,196.5741,155.4593
2020-10-06,187.9966,187.9304,183.3230,191.3593,182.6064,147.6659,202.5636,114.9319,195.9519,157.5216
2020-10-07,190.8917,190.8543,186.1020,194.0225,185.5493,148.8474,202.9361,115.0720,198.4520,155.2132
2020-10-08,198.0799,198.0382,192.9886,200.5804,193.8530,154.3641,210.7904,114.0624,203.9454,154.8782
2020-10-09,199.9446,199.8777,194.7885,202.5455,195.2399,154.7937,212.4468,114.5296,206.1443,154.5090
2020-10-12,202.9229,202.8946,197.7411,205.8893,200.3183,155.3558,214.1128,114.2925,208.2929,152.3004
2020-10-13,211.0792,211.0531,205.6076,212.8474,210.0962,160.2072,220.9534,114.4422,214.9387,152.2955
2020-10-14,221.7516,221.7003,215.4694,223.2108,220.7898,165.9424,227.1522,114.5693,224.5957,150.7696
2020-10-15,222.1841,222.1139,215.6242,223.1895,219.6040,166.0176,229.4884,114.7774,224.5876,151.7745
2020-10-16,226.5614,226.4960,219.8591,226.4209,223.3472,168.6687,233.7486,114.9684,227.1460,150.0679
2020-10-19,222.2949,222.2219,215.3025,221.5811,214.6992,166.3349,229.8632,114.4686,223.1534,150.4723
2020-10-20,220.7527,220.7094,213.7909,219.5998,213.0590,166.1613,228.3643,114.7027,221.3788,147.6776
2020-10-21,218.8261,218.8095,212.0297,217.8364,212.3886,165.0045,228.1884,114.9056,220.1928,148.5587
2020-10-22,220.8735,220.8419,213.7147,219.2895,211.8977,166.4186,227.5628,114.7389,221.7809,149.4148
2020-10-23,221.0051,220.9811,213.8322,219.6454,212.4649,167.4133,228.5539,114.2077,221.1202,149.5651
2020-10-26,220.9214,220.9369,213.5366,219.4699,211.9189,167.1174,229.4718,113.8623,221.7044,149.5455
2020-10-27,223.1043,223.1250,215.8597,222.1077,216.4458,168.4440,228.4111,114.0263,222.8787,150.3289
2020-10-28,226.3040,226.3496,218.8092,224.6542,217.7353,171.3382,234.6977,113.5940,225.4333,150.0508
2020-10-29,225.3109,225.3727,217.8023,223.3022,215.3785,170.3509,233.4633,113.4643,224.3741,150.9476
2020-10-30,225.6252,225.6895,218.1156,223.3395,216.3472,169.3517,231.2160,112.9161,223.9123,150.1552
2020-11-02,227.3837,227.4501,219.8280,225.4682,218.7953,170.8733,235.2180,112.9813,225.7540,149.5599
2020-11-03,224.7844,224.8468,217.4764,223.3239,216.5957,169.8896,234.8435,112.3540,222.0025,152.1392
2020-11-04,223.1256,223.1666,216.2059,221.9605,217.1961,169.4917,235.6370,112.2085,221.4852,154.2488
2020-11-05,222.7174,222.7403,215.5253,220.4534,215.0973,169.3012,235.1958,112.4653,219.7393,155.4907
2020-11-06,221.9586,221.9737,215.0630,219.6449,215.9345,168.9042,233.4506,112.8650,218.8582,153.5824
2020-11-09,219.9862,220.0234,213.1156,217.9251,212.5400,167.4487,233.7245,112.9685,217.0567,153.5515
2020-11-10,220.0305,220.0655,213.1289,218.2897,211.8485,168.1788,233.5784,113.3292,218.1406,155.7274
2020-11-11,217.3432,217.3791,210.7193,215.9408,210.1014,166.1461,229.3920,113.4195,216.2218,156.1546
2020-11-12,219.0359,219.0564,212.3930,216.5094,211.8179,166.9005,229.9618,112.7554,216.1425,156.7990
2020-11-13,219.8604,219.9057,213.2361,217.2484,212.7283,167.3953,226.4424,112.4074,216.8441,157.0969
2020-11-16,220.5120,220.5474,214.0354,219.2025,215.3266,167.8325,227.2207,112.4482,218.5604,158.2160
2020-11-17,220.4364,220.4694,214.0094,219.5034,215.3327,166.4741,227.6371,112.7189,218.2312,158.1335
2020-11-18,222.8011,222.8571,216.3591,221.9450,217.7516,166.8490,229.4792,112.6415,220.4906,158.3970
2020-11-19,223.8069,223.8862,217.2922,222.9865,219.3148,166.6015,230.3988,112.2565,221.1573,160.0272
2020-11-20,226.8811,226.9453,220.1594,225.3433,222.3906,169.3546,234.2052,112.8657,224.4551,160.1061
2020-11-23,233.3398,233.4151,226.4836,231.7024,230.8908,173.3910,237.2916,113.4413,230.3366,161.8606
2020-11-24,234.2478,234.3323,227.5003,231.9827,232.2382,173.9668,235.5585,113.0293,229.3474,159.5329
2020-11-25,232.5430,232.6240,225.8679,231.1000,230.2358,173.0826,233.5367,112.7819,228.0055,157.9984
2020-11-26,232.2705,232.3371,225.4798,231.7904,229.4753,171.8388,234.4182,112.7887,229.1914,159.4395
2020-11-27,233.9321,233.9984,227.1764,232.5769,230.8443,172.1716,236.7564,112.9724,229.3105,157.8593
2020-11-30,230.7205,230.7670,224.3078,230.4600,229.3354,169.7190,232.6784,113.1659,227.8177,157.8612
2020-12-01,227.9991,228.0261,221.5652,228.1375,225.3711,168.5999,230.5409,113.1770,225.3147,157.5385
2020-12-02,225.8858,225.9166,219.6318,226.7984,223.5795,167.1525,230.1722,112.8976,223.8785,160.0640
2020-12-03,226.4776,226.5361,220.3339,227.9243,224.9884,167.1761,228.3133,112.8542,225.5765,159.5053
2020-12-04,226.8116,226.8946,220.6476,228.5838,224.6873,168.0727,228.8890,111.9614,225.4623,157.8145
2020-12-07,227.9087,227.9601,221.7041,229.8414,225.5805,169.4224,229.8201,112.1730,227.1992,158.3502
2020-12-08,228.4910,228.5561,222.2082,229.5246,224.5165,169.3254,231.5923,111.9019,226.8543,159.9295
2020-12-09,229.3960,229.4722,222.9374,229.7066,225.2462,170.4050,234.3376,112.1623,228.4400,161.3518
2020-12-10,229.5199,229.5880,223.0697,230.4795,225.6670,170.4424,235.8242,112.6138,229.4708,163.0805
2020-12-11,231.0215,231.1027,224.7520,232.0271,228.0966,172.2000,236.3467,112.6460,230.6568,161.1319
2020-12-14,227.0808,227.1495,221.2150,228.9896,225.9094,169.0062,233.5444,112.7742,227.5574,161.0317
2020-12-15,229.5893,229.6605,223.4198,230.3588,227.1381,170.7619,234.6395,112.2928,228.6898,162.1505
2020-12-16,230.6899,230.7607,224.6076,231.3298,229.9220,170.7955,235.4384,112.4685,228.7594,160.8080
2020-12-17,230.7341,230.7849,224.4278,231.6088,228.4385,169.9342,234.9586,111.9950,227.9703,159.8119
2020-12-18,231.9881,232.0294,225.7502,233.0929,231.1445,171.0745,239.2707,112.3737,229.6776,158.3540
2020-12-21,229.9107,229.9644,223.8807,230.9423,228.6745,170.1025,235.4779,113.0349,228.5841,159.3575
2020-12-22,229.7834,229.8050,223.7957,230.1685,228.8350,169.8966,237.9676,112.9909,228.7298,158.6612
2020-12-23,229.0293,229.0534,222.8974,228.7627,227.0771,169.2835,239.7640,113.2327,229.0873,158.8776
2020-12-24,229.6849,229.7136,223.4259,229.7586,227.5847,169.8924,239.2243,113.2648,229.9593,159.5778
2020-12-25,228.1505,228.1579,221.7774,227.3582,224.5759,169.6930,239.1268,113.0706,228.1102,159.9405
2020-12-28,227.6407,227.6326,221.1166,226.4682,222.5782,169.4976,235.3433,113.5810,226.4094,156.6666
2020-12-29,227.1379,227.1312,220.5731,225.0483,220.9162,169.0533,232.8296,114.1369,225.1936,154.0070
2020-12-30,225.9061,225.8808,219.4967,225.0704,219.9633,167.8829,232.0191,113.9055,224.4486,153.0638
2020-12-31,226.6306,226.6122,220.0312,225.0691,220.4028,168.6891,231.9716,114.0521,224.6374,154.7555
2021-01-01,227.4940,227.4402,220.9481,226.0742,221.4380,169.2658,231.2779,113.8183,225.4061,156.1099
2021-01-04,230.1922,230.1390,223.3301,228.0371,222.8304,171.0639,237.0272,113.5194,227.2242,156.7574
2021-01-05,230.8981,230.8446,224.1406,229.0795,224.1886,171.0041,240.2414,113.6133,228.1450,157.0614
2021-01-06,230.4622,230.3857,223.4993,228.7941,222.3724,170.3234,237.6658,113.6521,228.8847,156.9541
2021-01-07,227.5196,227.3791,220.6995,226.8883,218.9196,166.8660,236.9839,112.8870,225.9440,156.5242
2021-01-08,229.4487,229.3010,222.5470,228.3656,221.5508,167.4175,238.2970,112.9010,226.4946,157.7190
2021-01-11,230.7907,230.6455,223.7632,229.2261,223.4617,167.3494,239.9591,112.9751,227.4488,161.8144
2021-01-12,228.0376,227.8647,221.3007,225.8096,221.7283,167.0494,237.4749,113.5099,225.4418,162.4327
2021-01-13,225.3203,225.1431,218.7002,223.8951,217.7363,164.9118,237.9621,113.6862,223.0264,162.7539
2021-01-14,224.6446,224.4824,217.9856,223.4868,215.7886,164.7221,238.9096,113.4532,222.1995,162.9996
2021-01-15,220.6584,220.5196,214.3282,219.6925,212.7469,161.5453,235.9991,113.1756,218.3509,163.4788
2021-01-18,216.6225,216.4947,210.5590,216.0928,210.0358,158.7027,230.8849,112.7780,214.3842,164.5660
2021-01-19,213.6112,213.4915,207.4150,212.6056,203.9094,157.4075,228.8447,112.7688,211.4137,166.9290
2021-01-20,215.1188,214.9895,209.1957,214.1512,207.9604,158.0339,230.1175,112.1217,211.0905,165.3054
2021-01-21,218.2078,218.0782,212.1773,216.8401,212.0339,160.6633,234.0434,111.8812,212.9499,165.4997
2021-01-22,214.4968,214.3757,208.5053,212.4439,207.8726,158.3681,230.7169,111.5203,209.3622,164.8464
2021-01-25,205.3099,205.1956,199.9027,204.8987,199.3377,153.3197,222.6905,111.6065,202.5030,166.2626
2021-01-26,206.8118,206.6715,201.3958,206.3734,201.7358,155.4727,225.3038,111.4355,203.7184,165.0162
2021-01-27,204.5189,204.3867,199.0738,203.6518,198.5203,152.3702,221.0787,111.1758,202.3575,163.3432
2021-01-28,201.8836,201.7491,196.4390,201.9595,194.3244,151.5317,219.6716,110.7422,199.2439,162.6599
2021-01-29,204.3143,204.1744,198.6436,204.1972,196.1442,153.8535,222.9467,111.1533,202.7557,164.2265
2021-02-01,202.1617,202.0287,196.6400,202.3753,194.5708,151.8446,219.9721,110.7489,200.8605,162.7053
2021-02-02,203.8049,203.6697,198.2966,204.2333,196.3271,153.6700,222.3424,110.6939,202.6197,164.5510
2021-02-03,204.6478,204.4960,199.1221,203.9727,197.9610,153.8373,223.2138,110.5887,202.8081,161.5784
2021-02-04,200.6634,200.5303,195.2839,200.0560,192.8485,150.9333,214.6794,110.4508,200.2155,161.9753
2021-02-05,201.1807,201.0211,195.7561,200.0468,193.7030,150.7303,214.6873,109.9839,199.9561,161.1161
2021-02-08,201.8325,201.6886,196.3947,201.6909,194.5601,150.4443,215.1738,110.3425,202.0203,161.4059
2021-02-09,202.9268,202.7894,197.5571,202.5658,196.6772,150.2159,213.4455,110.6810,203.0915,159.0376
2021-02-10,200.2580,200.1362,194.9229,200.8792,193.6371,148.4447,208.1298,109.7833,200.8630,157.7585
2021-02-11,200.0784,199.9645,194.8026,202.1148,193.6102,148.6670,206.8603,110.1623,202.4700,154.8447
2021-02-12,199.6976,199.6061,194.3775,201.2044,193.6314,148.4990,206.9199,110.6734,202.2757,154.2852
2021-02-15,200.4303,200.3121,195.0257,202.3335,194.1460,148.6380,208.3612,110.1365,202.5259,153.5884
2021-02-16,199.7622,199.6686,194.4256,201.7840,193.9441,148.9116,206.6663,109.0911,200.3772,153.9856
2021-02-17,204.8412,204.7519,199.1336,206.5633,198.9872,151.7257,212.4702,108.7029,203.6673,152.8497
2021-02-18,205.8498,205.7548,200.1623,207.0039,200.6027,152.3064,210.9943,108.3445,204.8720,154.0956
2021-02-19,207.6258,207.5334,201.7664,208.2533,201.7338,152.5697,211.6325,107.9497,205.4605,154.9273
2021-02-22,207.3773,207.2826,201.4930,208.6336,201.3001,153.7232,212.4034,107.8213,205.4384,155.8515
2021-02-23,208.1897,208.1017,202.5294,209.6871,203.5905,153.9976,211.3599,108.8017,205.6914,158.3381
2021-02-24,207.6802,207.5992,202.2310,209.7966,203.8704,154.0884,209.5704,108.5490,205.1221,157.2490
2021-02-25,206.2280,206.1370,200.9758,208.3462,203.6920,153.5020,209.3605,108.6696,203.9767,157.4841
2021-02-26,203.6148,203.5235,198.6804,205.7954,201.8006,151.5351,206.9001,108.7471,201.8107,158.1730
2021-03-01,202.8806,202.7893,198.0412,204.7920,202.5436,150.6776,205.5746,108.9825,202.1654,158.5382
2021-03-02,203.6250,203.5414,198.7555,205.5394,203.4131,151.3444,203.9709,108.6422,202.6671,157.4277
2021-03-03,203.2780,203.1972,198.2233,205.0244,201.2766,150.9798,204.6768,109.0123,203.5826,156.1253
2021-03-04,201.5379,201.4553,196.7105,204.2534,200.1894,150.0900,202.7642,108.6112,202.9710,156.2650
2021-03-05,202.1988,202.1134,197.3546,204.6533,200.9194,149.8577,202.7383,108.5050,203.3400,152.9174
2021-03-08,203.8710,203.7869,198.9572,206.0490,202.9503,150.8684,203.6888,108.2830,204.7035,152.4397
2021-03-09,204.1013,204.0418,199.2422,207.3335,204.3323,150.3410,203.3629,107.6873,206.0986,152.6719
2021-03-10,205.1421,205.0613,200.2667,208.4574,205.7715,150.5701,204.4936,107.5246,206.1004,152.9574
2021-03-11,206.4007,206.3246,201.5243,209.2345,207.5051,152.0117,206.3433,107.7973,207.7476,148.9845
2021-03-12,207.9616,207.8738,203.0610,210.7460,209.2773,152.8941,208.3546,106.9907,208.1559,149.7529
2021-03-15,209.3662,209.2617,204.3567,212.6815,210.7913,153.5900,210.5482,107.8547,210.7677,150.9593
2021-03-16,209.6888,209.5741,204.2898,212.2765,208.5784,153.1699,210.5617,107.7136,211.7199,149.9329
2021-03-17,210.9778,210.8606,205.5411,213.5425,210.1964,154.9167,211.1683,107.6870,213.2704,150.7990
2021-03-18,219.2251,219.1111,213.4795,221.5147,221.1692,160.0927,218.9642,107.1845,219.4363,150.9022
2021-03-19,219.0725,218.9441,213.3927,221.7523,222.1964,160.5492,215.9146,106.8445,218.1463,148.8791
2021-03-22,218.5097,218.3608,212.6996,220.4618,220.5547,158.5718,214.2130,106.2885,216.4748,148.2507
2021-03-23,208.9441,208.7885,203.6036,210.9648,210.1400,151.9828,206.5002,106.5525,209.3362,149.3631
2021-03-24,205.5224,205.3677,200.3418,207.5299,205.8495,150.6713,203.8818,106.5133,206.2212,149.9263
2021-03-25,205.1038,204.9767,199.9928,207.2015,205.1716,150.4544,201.8582,106.7839,206.2961,151.2582
2021-03-26,206.1292,206.0040,200.9631,207.8721,206.3654,150.9242,203.0273,107.4386,207.4546,152.4374
2021-03-29,206.5116,206.4129,201.3717,208.1418,207.2098,151.0618,204.3905,107.3596,207.0561,152.4796
2021-03-30,206.1510,206.0456,200.9328,207.1570,206.7711,152.0037,203.9655,107.7352,207.3536,150.6530
2021-03-31,204.3131,204.1917,199.3728,205.8850,205.7285,150.5529,201.4187,107.8426,206.0247,146.7180
2021-04-01,205.2763,205.1601,200.4126,207.0435,207.9904,151.1729,201.6276,108.2982,207.0899,145.3192
2021-04-02,203.2011,203.0952,198.8297,206.0387,208.4169,150.3181,201.1985,108.7409,205.4711,145.7096
2021-04-05,199.5036,199.4292,195.6083,203.5522,207.4154,148.1077,198.1544,108.4832,201.9277,147.4902
2021-04-06,198.4054,198.3214,194.4652,202.6818,206.3331,147.0554,197.9444,108.9531,201.7958,147.4436
2021-04-07,194.8302,194.7522,191.1190,199.9589,203.1504,144.5347,195.8700,109.3450,200.1601,146.2524
2021-04-08,194.9839,194.9119,191.2648,200.9417,203.9674,144.2636,195.7149,108.8497,200.5831,146.3948
2021-04-09,192.3092,192.2254,188.6669,198.5454,201.4483,142.9148,194.2009,109.3685,198.3221,147.9905
2021-04-12,191.8180,191.7162,188.2858,198.5268,201.4691,143.2992,194.6924,109.5694,199.0971,150.0653
2021-04-13,190.7332,190.6285,186.8773,197.1974,197.6158,142.9737,194.7031,110.0714,198.9946,147.7878
2021-04-14,192.3372,192.2103,188.5562,198.9228,201.1344,143.8713,194.5584,109.6826,198.7660,144.9643
2021-04-15,191.7895,191.6597,187.9374,197.4626,199.4347,144.2254,192.3775,108.3724,196.0597,143.4732
2021-04-16,190.8546,190.7130,186.9682,196.4779,197.9405,143.9241,193.1809,107.9857,194.3657,141.6905
2021-04-19,190.5390,190.4036,186.6827,196.4053,197.4445,143.1954,194.2794,108.3098,194.4666,143.1359
2021-04-20,190.3258,190.1690,186.6805,196.7607,198.4559,142.3095,192.9960,109.1382,195.4417,142.8632
2021-04-21,190.3697,190.2044,186.6286,196.3939,197.1610,141.4576,193.0128,109.0822,196.3983,142.1811
2021-04-22,191.8383,191.6915,188.0844,198.7271,200.4156,143.1575,193.6556,108.9378,197.1487,141.7008
2021-04-23,192.1266,191.9852,188.2878,198.9888,200.4809,144.6015,196.9454,108.8839,197.2539,140.6189
2021-04-26,196.4129,196.2592,192.3227,202.7411,205.1138,147.8501,203.5041,108.8805,201.1162,140.6492
2021-04-27,198.7260,198.5672,194.5119,205.0682,208.3615,149.5980,204.9318,108.6835,203.2058,140.8884
2021-04-28,199.3048,199.1250,195.0975,205.3507,209.7980,150.3703,204.7931,108.9679,203.2977,141.6786
2021-04-29,199.6277,199.4221,195.3733,205.3987,208.9798,150.4916,204.9630,108.4100,202.4403,141.8074
2021-04-30,199.2527,199.0782,195.0550,205.6363,208.7253,150.4151,201.9028,109.6312,204.3032,143.3111
2021-05-03,200.6525,200.4926,196.5010,207.0008,211.1521,150.7636,202.6092,110.6155,205.6593,142.4818
2021-05-04,201.5548,201.4122,197.3108,207.2195,211.8356,151.8197,203.5335,110.5594,205.8213,144.5759
2021-05-05,201.6063,201.4942,197.4096,208.0842,212.3870,151.6463,204.4874,110.5514,206.8350,146.8353
2021-05-06,201.2244,201.1137,196.9950,207.1589,211.5305,151.7802,203.3978,110.8404,207.2322,145.5133
2021-05-07,199.8535,199.7523,195.7391,205.5072,211.3635,151.2739,200.9285,111.4192,204.9414,144.4400
2021-05-10,199.6463,199.5573,195.3801,204.0220,209.5518,151.7076,202.2530,111.1366,203.9998,144.6021
2021-05-11,200.0390,199.9448,195.7442,204.4736,209.9398,151.3413,201.0517,111.0444,204.5198,143.3243
2021-05-12,200.9061,200.8035,196.4477,205.3410,209.3392,151.0600,202.9130,111.1333,204.9332,141.1884
2021-05-13,201.8854,201.7748,197.4271,205.1882,211.2379,151.4674,199.2296,111.2951,206.7462,139.9843
2021-05-14,201.6062,201.4936,197.0459,204.1921,209.8705,151.3168,197.1512,110.6208,205.1835,139.4179
2021-05-17,200.1782,200.0727,195.8179,202.3191,208.2252,151.0098,197.3027,110.8627,203.4036,138.0942
2021-05-18,197.8387,197.7322,193.4210,199.8769,203.2878,149.8634,196.6997,110.7508,200.8102,141.2750
2021-05-19,195.4192,195.2903,190.9203,196.8796,198.3133,148.7417,195.6288,110.5526,198.3762,140.7815
2021-05-20,198.8985,198.7598,194.1995,199.8547,201.7597,150.7737,198.9638,110.5752,200.8739,139.9487
2021-05-21,200.5698,200.4390,195.9152,200.9512,204.2043,152.7942,198.9630,110.7350,202.3626,140.9338
2021-05-24,203.4665,203.3104,198.7715,203.4201,207.8396,154.4934,201.5362,110.7364,204.3611,141.2253
2021-05-25,202.9413,202.7665,198.5887,203.8448,209.5229,154.7665,200.9680,110.2030,203.1936,141.2575
2021-05-26,203.8081,203.6436,199.4480,204.2211,210.2120,154.5813,202.1873,110.1069,204.4765,142.2501
2021-05-27,204.6255,204.4461,200.1504,204.7160,210.1134,155.0898,201.6242,110.7058,207.2446,142.5160
2021-05-28,203.8054,203.6286,199.2424,203.4301,208.2760,153.0791,200.4741,110.4066,206.2558,141.3904
2021-05-31,205.8080,205.6493,201.2711,205.7403,211.5668,153.1699,202.5490,109.9182,208.4916,138.1632
2021-06-01,205.0747,204.9195,200.5498,204.8417,210.5082,152.7566,201.2307,109.1795,206.3208,137.7591
2021-06-02,206.7999,206.6227,202.1199,205.9945,212.5659,154.2816,202.5417,108.6167,207.3104,139.0877
2021-06-03,204.6142,204.4496,200.0597,204.4342,210.8662,152.5491,199.1554,109.0707,206.0948,136.8732
2021-06-04,206.7119,206.5565,202.0028,206.8942,213.1530,154.3828,200.9393,109.4120,208.5137,137.0437
2021-06-07,205.5349,205.3893,200.5950,205.8923,209.3861,152.6151,199.5915,109.0685,207.7146,138.3109
2021-06-08,204.3675,204.2197,199.4953,204.6279,207.6895,151.7983,196.3195,108.8587,206.4666,138.7595
2021-06-09,202.2329,202.1200,197.3362,202.7004,204.5632,149.2805,194.1391,108.5947,204.5403,138.2550
2021-06-10,201.9957,201.8813,197.1793,203.2810,205.4083,149.6386,190.2877,109.4128,205.2591,139.0674
2021-06-11,201.6851,201.5585,196.8611,202.5322,205.6022,149.6580,189.7255,110.0420,205.1397,139.6801
2021-06-14,201.9509,201.8102,196.8281,201.8368,203.9586,149.5717,187.2994,110.0188,204.9202,138.7435
2021-06-15,201.4352,201.2968,196.5283,202.0461,204.7932,149.9773,185.1365,110.2802,205.1702,136.9000
2021-06-16,201.5056,201.3679,196.6978,202.5933,206.1786,150.5270,185.8954,111.2547,205.7349,135.6646
2021-06-17,199.3314,199.1972,194.5630,199.7029,203.5826,149.0322,185.9063,110.9173,202.6555,135.7208
2021-06-18,197.7364,197.6115,193.1308,197.4244,202.4704,148.5633,183.9542,111.1127,201.8331,134.9357
2021-06-21,196.8366,196.7246,192.1920,195.9974,201.0269,147.8881,182.9912,111.7135,201.8260,136.9832
2021-06-22,196.8310,196.7030,192.4088,196.6946,202.7702,147.7347,183.9255,112.1367,202.0997,137.4413
2021-06-23,198.3743,198.2381,193.7336,198.2855,203.9010,149.1907,187.0208,112.1388,203.6276,135.7096
2021-06-24,197.8239,197.7260,193.1243,197.1294,202.7138,149.7837,188.5230,111.9926,203.3240,135.6444
2021-06-25,197.3501,197.2627,192.7884,196.6538,202.2266,150.2000,185.9145,112.4293,202.9809,134.6507
2021-06-28,198.5242,198.4081,194.1271,197.4929,205.4858,150.2904,183.9249,113.2130,203.3866,135.8215
2021-06-29,199.6473,199.5152,195.1381,198.2335,206.9567,150.8453,185.2784,113.2417,204.9598,135.8680
2021-06-30,197.0835,196.9656,192.6310,195.9888,203.5113,149.0574,184.1798,113.9670,203.1289,137.7762
2021-07-01,197.1556,197.0449,192.6374,195.0796,202.7246,149.4383,184.7300,114.2613,201.8362,135.6965
2021-07-02,196.6042,196.4816,192.1269,195.1441,203.4076,148.6435,186.7861,114.5349,200.6641,134.0817
2021-07-05,196.2898,196.1718,191.9307,194.7142,204.5411,149.5740,186.8641,115.3463,201.4171,133.8187
2021-07-06,193.9339,193.8122,189.6790,192.8923,201.8184,148.2833,184.3931,115.5245,198.8953,133.9632
2021-07-07,192.0348,191.9166,187.7969,189.9516,198.8670,147.4026,184.1871,115.0851,197.0839,135.6557
2021-07-08,190.2279,190.1216,186.0572,188.0538,196.9680,146.2780,184.3837,114.9861,195.1108,135.6787
2021-07-09,189.7209,189.6191,185.5844,187.7028,197.0888,146.6049,183.1497,115.1807,195.6679,136.3882
2021-07-12,192.4799,192.3895,188.2708,190.0134,200.6315,146.8435,181.4306,115.6642,199.3357,136.9792
2021-07-13,193.5066,193.4197,189.2178,191.6251,202.2133,148.3570,181.0093,115.5080,200.2698,136.4674
2021-07-14,193.0076,192.9059,188.7369,191.3763,201.4953,148.2242,182.1700,115.9969,200.1355,136.4918
2021-07-15,193.0604,192.9735,188.6018,191.2023,199.8096,148.0284,183.2337,116.4033,200.4383,136.6595
2021-07-16,193.8403,193.7622,189.2291,191.9500,199.6587,147.7410,181.8915,116.2248,200.9572,137.9715
2021-07-19,193.5513,193.4659,188.7434,191.3122,197.7010,147.2239,181.0502,115.9474,200.7592,139.6700
2021-07-20,196.2224,196.1178,191.2138,194.2731,200.4815,148.7713,185.2324,116.0796,203.3687,139.8162
2021-07-21,196.1290,196.0114,190.9759,193.2085,198.8124,149.0963,184.8363,115.3179,202.3864,140.8736
2021-07-22,195.9351,195.8209,190.8860,193.4548,200.1330,150.3146,184.7403,115.1477,202.8124,139.6444
2021-07-23,194.7216,194.6060,189.8032,193.6727,198.7944,149.5936,183.5799,114.7913,202.1275,139.1024
2021-07-26,197.0716,196.9457,192.1488,195.9744,202.0004,151.1548,184.9603,114.5081,203.3415,140.3609
2021-07-27,195.2546,195.1636,190.3893,194.8373,199.4376,149.0924,181.4856,114.2436,201.2437,139.4808
2021-07-28,196.6154,196.5279,191.4035,194.4133,199.3030,150.2831,185.8461,113.8008,202.2688,139.3472
2021-07-29,196.1705,196.0841,191.0667,193.8847,199.0385,150.6739,187.7375,114.1536,202.8018,138.7267
2021-07-30,198.4723,198.3588,193.2533,196.3699,201.0872,150.5488,191.4250,113.3597,203.8637,138.6106
2021-08-02,199.0414,198.9114,193.8957,197.5646,202.3053,150.0746,190.3623,112.7159,204.8526,137.7748
2021-08-03,199.7380,199.5971,194.5563,199.1307,202.7037,151.1576,191.3496,112.8107,205.7765,138.3533
2021-08-04,201.1305,200.9765,195.8860,200.7219,203.8281,151.6423,191.8664,112.4627,207.1672,138.8765
2021-08-05,199.0743,198.9308,193.7867,199.0236,200.3252,150.6133,188.8961,112.0977,205.1514,139.6551
2021-08-06,200.8942,200.7487,195.5169,200.6849,202.7801,150.9707,191.1257,112.3717,206.6277,140.2983
2021-08-09,200.2677,200.1183,194.9931,200.8580,201.8662,150.4368,192.3375,111.6997,205.7156,141.4398
2021-08-10,201.7916,201.6586,196.2778,202.4322,203.0109,150.7389,193.2266,111.8330,206.9348,140.8696
2021-08-11,205.9081,205.7788,200.0581,205.8985,206.2790,153.0207,194.2619,111.8123,211.2131,140.4077
2021-08-12,204.8519,204.7270,199.1284,205.8561,206.2724,153.3618,193.4415,112.0492,210.9834,140.4803
2021-08-13,200.6954,200.5639,195.1352,201.6206,201.3507,149.4677,189.7220,111.8882,206.6915,141.1741
2021-08-16,200.6058,200.4636,194.8393,201.5354,199.5611,149.1892,188.8705,112.2349,207.0285,139.6164
2021-08-17,200.3186,200.2037,194.4436,201.0551,198.1783,148.1432,188.1122,112.4206,207.2582,140.5945
2021-08-18,200.8524,200.7674,194.8711,201.4917,198.3645,149.3117,186.5879,112.2275,208.1859,141.9102
2021-08-19,202.1844,202.0891,196.3650,203.1702,200.7600,151.2305,184.2920,113.1461,210.2508,143.7475
2021-08-20,205.1822,205.0810,199.1661,206.3276,204.2069,153.1176,186.8517,112.7251,211.7096,144.3909
2021-08-23,204.2480,204.1598,198.3196,205.8537,203.4768,153.0919,185.3098,112.4170,210.5379,143.7390
2021-08-24,204.8447,204.7714,199.1341,206.7324,205.8921,153.7456,186.7416,112.8340,211.9577,142.4517
2021-08-25,203.9941,203.9301,198.1705,205.7441,204.4636,153.7123,186.4411,112.3537,210.3194,142.7868
2021-08-26,205.7645,205.6881,199.6038,206.5508,205.7909,154.8149,189.0305,112.0491,211.5157,141.6173
2021-08-27,203.3578,203.2857,197.3145,204.2228,202.4951,153.3401,185.1684,112.7140,210.2671,142.4161
2021-08-30,203.9217,203.8779,197.7590,204.6406,201.9759,153.2158,186.0166,113.2652,211.9631,142.3667
2021-08-31,203.4685,203.4298,197.4090,204.2218,202.4248,152.7280,185.7537,113.4229,210.2805,140.8344
2021-09-01,202.1459,202.1317,195.9499,202.6973,198.9550,152.0775,184.8981,113.4508,209.2725,140.9342
2021-09-02,203.4692,203.4559,197.2489,203.8159,200.8569,152.0902,182.8016,113.7190,210.9724,141.1015
2021-09-03,204.4655,204.4357,198.0177,204.6569,200.3581,153.0672,181.1167,113.7239,212.0791,140.5500
2021-09-06,205.4736,205.4228,198.9552,205.8384,201.6413,153.6709,182.1378,113.4802,213.0568,140.4712
2021-09-07,206.3093,206.2756,199.8335,206.2619,202.3594,152.8262,181.0832,113.5047,213.5885,142.2921
2021-09-08,203.4357,203.3981,196.9757,203.9104,198.7774,152.4963,179.3695,112.9116,211.4346,142.2496
2021-09-09,205.9828,205.9485,199.4483,205.9566,200.7036,154.7100,182.4470,113.4279,212.3850,143.1920
2021-09-10,205.4627,205.4427,198.9738,205.1957,200.0765,155.1130,183.5041,113.5106,213.0561,142.6363
2021-09-13,206.3143,206.2983,199.5333,206.0753,199.4061,155.7053,183.8983,113.1814,213.0535,141.7018
2021-09-14,205.8476,205.8405,199.2356,205.7802,200.0750,155.3155,181.8086,113.4669,212.7865,139.3980
2021-09-15,207.0602,207.0490,200.5222,207.3193,203.0387,156.3111,183.7383,113.2946,213.9434,140.2704
2021-09-16,207.9556,207.9470,201.4656,208.2730,204.1501,158.0946,181.3128,114.0843,215.0519,140.2256
2021-09-17,209.1739,209.1719,202.6195,208.9292,205.7315,159.1919,181.5965,114.2431,215.8422,138.0436
2021-09-20,212.9093,212.9150,206.0934,212.1541,209.1434,161.9888,184.5396,113.7623,219.4627,139.3766
2021-09-21,212.7914,212.8097,205.5692,211.1891,206.0961,162.8056,184.2319,113.8442,218.9865,141.6353
2021-09-22,212.6760,212.6906,205.4595,210.9737,205.2584,163.0275,184.1460,114.1119,218.5931,139.9809
2021-09-23,211.0225,211.0482,203.8667,208.9368,204.1657,161.4359,182.4668,114.6550,216.9452,139.5085
2021-09-24,209.5668,209.5770,202.5872,207.5244,203.4837,159.8530,181.0411,114.6207,215.5584,139.2530
2021-09-27,209.9745,210.0147,202.9609,207.7535,204.0634,160.5171,180.4646,114.0377,215.0749,141.3890
2021-09-28,210.4661,210.5160,203.2597,208.1346,203.9720,160.3372,180.1754,114.4561,216.5151,141.2030
2021-09-29,210.5394,210.5929,203.1978,208.0185,203.0403,159.6864,179.6183,114.6899,217.3134,142.1759
2021-09-30,209.4206,209.4402,202.3662,208.1476,203.4403,157.4002,178.7108,114.5129,216.4459,140.5510
2021-10-01,211.2288,211.2682,204.0059,210.1237,205.2225,158.0546,180.6040,114.5185,218.3533,142.5268
2021-10-04,211.9897,212.0251,204.6836,211.0590,205.3532,158.6105,182.3072,114.3404,219.3294,140.1678
2021-10-05,212.4807,212.5170,204.9105,211.4009,204.6742,159.3991,182.4436,114.3015,219.0706,138.3370
2021-10-06,212.0695,212.1101,204.3708,211.3818,203.4653,159.5363,181.7930,114.3898,219.1602,138.8740
2021-10-07,211.3882,211.4092,203.8868,211.3200,203.2027,159.0412,182.1875,114.2307,218.9492,138.8103
2021-10-08,211.4394,211.4484,203.7323,211.8063,201.7071,159.7780,180.2801,114.2119,219.2514,138.3038
2021-10-11,210.5402,210.5488,202.9812,210.9552,201.9917,159.6799,181.1424,114.2387,218.0314,139.1897
2021-10-12,209.4347,209.4629,201.7954,209.3621,199.5909,159.2514,180.7473,115.0519,217.2966,141.1788
2021-10-13,209.9572,209.9783,202.1629,210.2381,199.6871,159.4259,181.1071,115.7779,218.8328,141.4929
2021-10-14,209.9384,209.9753,202.2890,211.2823,201.0161,159.1503,179.6847,116.4387,220.3108,141.8915
2021-10-15,210.1583,210.1914,202.4156,210.9426,201.5821,158.9266,179.3565,116.7217,221.8596,142.3411
2021-10-18,210.9538,211.0022,203.2859,212.5821,204.1858,158.9691,181.9204,116.6729,222.4822,141.5253
2021-10-19,209.5916,209.6253,202.0775,212.1840,203.0923,158.0313,180.0585,116.9028,221.2038,140.4284
2021-10-20,208.4952,208.5462,201.0723,211.1765,201.8136,157.6059,178.8092,116.5658,220.4163,140.5382
2021-10-21,208.3573,208.4195,200.9276,212.0302,200.1024,156.0750,179.1737,115.8186,219.7367,138.5771
2021-10-22,208.2516,208.2961,200.7396,211.7558,198.9156,155.5587,179.5890,116.4604,220.3764,140.9655
2021-10-25,208.2681,208.3059,200.7770,212.0942,198.7196,154.4424,181.4803,116.9805,221.1894,140.3708
2021-10-26,207.0146,207.0528,199.5116,210.9198,196.5772,153.0689,180.3553,117.1868,221.2894,138.8658
2021-10-27,207.5335,207.5350,199.8474,211.1564,195.4602,153.4102,181.5217,116.4233,221.4410,139.9336
2021-10-28,209.9097,209.9273,202.3482,213.4333,199.4364,155.1698,182.8693,116.2389,223.5637,140.2280
2021-10-29,209.4669,209.4642,202.2267,213.9094,202.2285,154.7121,183.2189,116.6337,223.5111,140.8676
2021-11-01,209.7207,209.6983,202.4355,213.9379,202.3358,155.8868,182.5039,116.4301,222.6048,139.5537
2021-11-02,210.9014,210.8779,203.4568,215.4634,202.6922,156.6765,182.6600,116.3473,224.3621,138.2257
2021-11-03,211.3039,211.2974,204.0524,216.1638,204.1508,156.4172,184.3559,116.2811,224.3281,138.1437
2021-11-04,210.4627,210.4460,203.3208,214.7310,204.0413,155.6254,184.0819,117.0558,222.6996,135.7070
2021-11-05,213.7036,213.7090,206.4924,218.5341,208.3979,157.4897,187.0817,116.4481,225.1318,136.1841
2021-11-08,214.6404,214.6566,207.2135,218.5351,208.4159,158.0807,186.8069,116.0638,224.7335,134.9941
2021-11-09,214.3096,214.3216,206.6917,218.0579,206.7721,158.0984,186.9785,116.0388,223.3975,135.5110
2021-11-10,215.5857,215.6061,207.7210,219.4375,207.4674,159.2613,186.2227,115.8385,223.5322,135.5561
2021-11-11,213.9274,213.9256,206.3143,218.1552,207.6315,158.3134,185.7322,116.2140,222.2675,136.5791
2021-11-12,216.9355,216.9419,208.9378,220.5497,209.5719,160.1435,185.7575,116.0783,224.6690,137.0936
2021-11-15,215.8990,215.8891,208.0858,219.6939,209.7349,159.1965,185.6378,116.4713,224.1945,135.6863
2021-11-16,217.4319,217.4191,209.5819,220.8122,211.7501,160.7440,185.2010,116.2229,224.8244,136.6622
2021-11-17,217.8272,217.8053,209.8064,220.6531,210.6603,160.4593,184.1313,116.0096,225.4261,136.1844
2021-11-18,216.0555,216.0288,207.8611,218.4332,207.5658,159.0664,180.8032,115.9044,224.3337,138.2546
2021-11-19,215.2681,215.2325,207.1170,216.7736,205.3637,157.9618,177.6704,116.1502,224.2733,139.0810
2021-11-22,211.6073,211.5711,203.3780,212.6044,199.4628,156.3179,176.4076,116.7231,221.8829,139.3697
2021-11-23,211.3696,211.3466,203.2538,212.1735,200.0647,155.7724,174.2565,116.7260,221.6304,140.4621
2021-11-24,209.9282,209.9029,201.7088,210.7930,196.7947,154.9168,170.5873,116.9430,222.0426,142.1925
2021-11-25,203.5448,203.5130,195.5603,205.1261,189.5143,150.8392,164.6727,117.4774,216.9506,143.3562
2021-11-26,202.0700,202.0361,193.9515,203.8501,186.9187,149.7973,163.0775,116.7718,215.2217,142.5298
2021-11-29,206.4500,206.4105,198.0632,208.3310,191.8076,152.4786,165.8749,116.9467,219.9316,141.1523
2021-11-30,206.3212,206.2830,198.0266,209.0865,192.6810,153.4457,165.3245,117.7442,220.3157,141.1014
2021-12-01,205.7677,205.7133,197.3934,208.3270,191.0245,153.2050,164.0426,117.7214,219.6628,139.6704
2021-12-02,203.3660,203.3381,195.0690,206.4651,188.3692,151.7380,162.8721,117.6886,217.9507,138.9105
2021-12-03,202.3813,202.3476,194.2158,205.8691,187.9050,151.8093,160.5929,117.7979,217.2634,140.6613
2021-12-06,204.1180,204.0984,195.6583,207.6479,188.2568,152.3039,160.9071,118.1403,219.6820,138.8998
2021-12-07,210.0069,210.0487,201.4127,213.6758,195.7592,154.6192,164.5680,118.1239,225.2234,137.4005
2021-12-08,212.3490,212.4050,203.5873,216.2519,198.0629,155.3574,165.2404,117.8387,226.8749,135.8328
2021-12-09,211.6786,211.7422,202.6764,214.3458,195.2814,155.3675,166.0720,118.0639,227.2156,134.5034
2021-12-10,211.0039,211.0602,201.8120,214.5399,192.7232,155.8584,163.6682,118.1435,226.6108,133.0419
2021-12-13,210.0798,210.1158,200.6410,213.3993,189.0021,154.0592,164.1397,118.3595,225.3694,132.5130
2021-12-14,214.6230,214.6609,204.9604,217.4156,194.0759,156.5111,167.4386,118.0076,230.2375,132.2154
2021-12-15,213.5007,213.5309,204.0040,217.4175,193.3691,155.1837,165.8229,118.1058,230.6202,133.2582
2021-12-16,217.4529,217.5063,207.5790,221.4692,196.9546,157.6169,168.1923,118.6517,233.8228,133.3237
2021-12-17,209.4246,209.4830,199.9458,213.8387,188.0093,152.9556,162.8835,119.0293,227.5220,132.8665
2021-12-20,215.9721,216.0258,206.1050,219.1273,194.5003,156.8189,165.8445,119.0877,232.2810,134.2573
2021-12-21,216.6909,216.7589,206.8520,220.9132,195.1764,156.7529,164.8034,119.4309,233.7437,135.5409
2021-12-22,213.3089,213.3896,203.5404,218.5483,189.9642,154.3030,161.7245,119.4906,230.1585,135.9099
2021-12-23,211.2805,211.3539,201.6200,216.7167,187.9226,153.7987,160.8939,119.1882,226.8345,135.9751
2021-12-24,213.0673,213.1357,203.6322,219.3440,190.9424,155.8139,160.7984,118.9571,227.3183,134.9953
2021-12-27,215.7169,215.7832,206.0614,221.6355,193.0445,157.4856,163.5821,119.3322,230.5312,135.1170
2021-12-28,215.5432,215.6082,205.9209,221.9435,193.0549,157.1740,161.5391,118.7416,230.9551,133.3333
2021-12-29,216.2257,216.3114,206.5621,222.3814,193.5978,156.3212,159.5759,117.9530,230.5303,133.1987
2021-12-30,216.6377,216.7135,207.0623,223.0282,194.3168,156.5362,158.2830,117.8989,231.4073,131.1152
2021-12-31,216.9508,217.0365,207.3501,222.1608,195.2166,156.7375,159.3141,117.4845,231.0462,131.4947
2022-01-03,216.2934,216.3670,206.7212,221.3683,194.7061,156.5963,162.0387,116.7216,229.5508,130.4936
2022-01-04,222.4262,222.4860,212.6330,227.1445,202.2065,160.2456,162.5887,117.4676,236.3066,129.6228
2022-01-05,224.7872,224.8268,215.0473,230.8312,205.6658,161.7568,163.8538,117.3865,239.6207,129.5560
2022-01-06,223.3126,223.3381,213.7361,229.6656,204.6986,160.8943,161.0985,116.1705,237.7296,129.3432
2022-01-07,223.0878,223.0993,213.4727,229.4180,204.2072,161.3976,162.0185,115.6718,237.4041,128.7201
2022-01-10,222.1198,222.1262,212.4262,228.5453,202.5602,161.4200,162.8304,114.5755,234.0491,128.0246
2022-01-11,225.2065,225.2115,215.4916,231.6035,206.1852,163.3355,166.3480,115.7870,237.6909,127.2817
2022-01-12,226.8889,226.8963,217.1263,233.8467,207.6866,164.3973,167.8464,116.4606,240.9236,126.2284
2022-01-13,227.3452,227.3564,217.3118,233.9776,206.3151,164.8269,167.3201,117.2338,244.0414,125.9529
2022-01-14,225.0969,225.1300,215.2192,231.8269,203.0078,163.9233,165.3836,116.9557,241.1060,125.0068
2022-01-17,224.1662,224.2228,214.3754,231.1165,201.6680,163.3164,163.1095,118.1624,242.5452,124.5623
2022-01-18,222.9416,223.0124,213.1609,229.7250,200.2499,162.0660,161.7128,119.0825,242.9741,123.6434
2022-01-19,223.3493,223.4222,213.6018,229.7665,200.0406,161.9243,163.0548,120.0177,244.3774,123.1809
2022-01-20,220.8797,220.9682,211.2749,228.0485,197.7113,159.8354,161.3367,119.6688,241.7391,121.1962
2022-01-21,219.9909,220.0794,210.4720,228.2377,197.2112,159.8159,162.5491,120.1107,242.0884,121.3303
2022-01-24,218.8623,218.9907,209.6503,227.8142,196.7435,159.2297,161.0992,119.8167,240.5197,122.1364
2022-01-25,218.9446,219.0918,209.5419,228.3887,195.0803,159.3444,163.3138,119.8593,241.8467,122.7077
2022-01-26,223.0508,223.1920,213.0882,232.0037,197.8377,161.5301,168.8542,119.7669,246.0846,124.9510
2022-01-27,220.9862,221.1118,211.1186,230.4691,195.6245,160.4005,166.5614,118.5399,243.2209,126.8084
2022-01-28,218.8551,218.9545,208.9330,228.3419,192.7975,158.5430,163.9422,117.0347,238.8896,127.4583
2022-01-31,219.9462,220.0240,209.7210,229.8350,192.0876,159.1284,164.8773,116.3474,239.4820,125.0842
2022-02-01,218.2015,218.3150,208.1132,227.1030,189.9382,159.0175,163.8423,115.3006,235.7975,124.8188
2022-02-02,218.3711,218.4926,208.4497,227.9906,191.7196,159.4199,163.2020,115.1693,237.2544,124.5262
2022-02-03,217.8853,217.9813,207.9064,227.2899,190.1343,158.3519,162.7487,114.8983,237.3599,124.4801
2022-02-04,215.7810,215.8662,205.8895,224.8967,187.9591,157.5943,159.3167,114.7127,235.0041,124.4043
2022-02-07,214.9476,215.0393,205.0357,224.0802,186.4163,156.3694,158.3509,113.5477,233.5028,124.1544
2022-02-08,212.1824,212.2613,202.7506,221.3879,184.2555,154.6273,159.2922,114.0068,230.8143,124.6975
2022-02-09,211.3342,211.4247,202.0952,220.8799,184.6951,153.4488,156.7219,113.3643,227.7096,124.5904
2022-02-10,213.5458,213.6370,204.1627,222.2625,187.2999,155.5572,160.5902,113.8652,229.5821,123.3264
2022-02-11,213.3397,213.4374,203.9208,221.6630,187.0053,156.5095,159.8959,114.1977,229.0241,126.0330
2022-02-14,215.3048,215.4181,205.7029,222.6668,188.0684,157.9677,162.2425,114.2492,230.1150,124.8863
2022-02-15,218.4385,218.5693,208.7512,225.7645,192.3087,159.6702,166.2023,114.3037,233.8929,124.8372
2022-02-16,216.0888,216.2051,206.7801,223.1913,191.4276,158.8620,162.2614,113.6865,231.0512,127.6206
2022-02-17,217.1329,217.2722,207.8557,224.0876,193.0438,159.6717,160.4697,114.2505,232.6518,127.7828
2022-02-18,214.5952,214.7429,205.4668,221.7698,189.8809,158.2405,161.2871,115.1447,232.2482,129.1194
2022-02-21,210.6862,210.8686,201.5404,217.4467,184.3714,155.9589,159.6866,113.7140,228.0517,128.8476
2022-02-22,209.6912,209.8583,200.2552,215.5132,181.1419,154.9013,159.5498,113.9961,227.3180,127.7276
2022-02-23,208.8464,208.9776,199.3455,214.7631,179.5324,154.6364,157.8011,113.6016,226.7293,127.5316
2022-02-24,208.6131,208.7535,199.0166,214.8216,179.1131,154.7713,153.7071,113.8694,228.2012,128.7841
2022-02-25,213.8197,213.9726,203.7199,218.9204,183.5969,157.4555,158.0991,115.6676,233.7870,130.2228
2022-02-28,215.4798,215.6340,205.3539,220.8548,185.1515,157.7576,158.7283,116.9666,236.8245,129.2561
2022-03-01,215.1480,215.3014,205.0766,221.2113,184.3225,157.5217,160.9438,117.1723,236.4418,131.2535
2022-03-02,215.4331,215.5954,205.5525,222.6077,185.7510,156.7766,160.9705,116.8617,237.0993,132.4292
2022-03-03,210.9088,211.0605,201.2547,218.3598,181.1611,154.8891,159.3839,116.7336,233.0879,132.3818
2022-03-04,207.4001,207.5391,197.6213,213.5617,175.8670,151.6713,154.7723,117.4038,229.7459,132.5177
2022-03-07,200.7406,200.8649,191.3752,206.9706,169.6138,147.0253,147.8864,115.9840,221.5238,133.2556
2022-03-08,202.2961,202.4300,192.7824,207.1501,170.9017,148.9755,149.3977,116.1593,221.5131,133.7131
2022-03-09,204.3243,204.4485,194.7768,208.4762,173.9171,150.7669,149.2027,116.1130,221.8812,133.0487
2022-03-10,201.9229,202.0488,192.4109,205.4113,171.3914,150.0651,147.7028,115.4978,217.6846,134.7903
2022-03-11,188.4681,188.6071,179.8418,192.9405,159.4718,141.1524,136.3628,112.3310,203.3316,135.8259
2022-03-14,192.2659,192.4024,183.2542,195.4826,162.3168,143.0574,138.0147,113.2550,207.3720,136.1726
2022-03-15,196.0551,196.1806,186.8094,199.0254,166.4892,144.2338,140.1767,113.9215,210.5466,135.7439
2022-03-16,197.4028,197.5120,188.1604,199.4696,168.6073,144.8594,142.1672,113.5127,211.4206,135.7429
2022-03-17,191.6899,191.8006,182.8398,193.1628,162.9668,141.0362,138.1311,113.3582,206.8487,135.7816
2022-03-18,192.1631,192.2571,183.4188,194.2509,163.8737,140.7568,141.2413,113.1417,207.1233,134.1359
2022-03-21,195.3083,195.4169,186.6423,196.8897,168.4595,142.9678,142.9246,112.9095,208.8399,132.7017
2022-03-22,197.3605,197.4595,188.2793,197.6867,168.1461,145.3406,145.2393,113.6113,209.7881,131.2479
2022-03-23,194.8611,194.9654,185.7831,195.9706,164.6821,143.5375,144.5296,114.2825,210.0324,133.2036
2022-03-24,193.2067,193.3484,184.3846,194.0911,163.9422,143.1619,145.3100,114.3470,208.2953,133.5508
2022-03-25,184.5312,184.6688,176.3585,186.1138,156.4698,138.3796,140.2319,112.7520,198.5762,132.2332
2022-03-28,180.1358,180.2608,172.3155,181.4060,152.7163,135.6308,134.7177,111.0662,192.9808,131.0442
2022-03-29,181.7647,181.8788,173.8008,183.2816,154.2302,137.4357,136.1991,111.8040,196.1120,131.3464
2022-03-30,183.5819,183.6786,175.8776,186.0794,158.6558,138.0561,138.0297,111.5727,198.3313,133.4131
2022-03-31,183.6530,183.7721,175.9593,185.8555,159.2396,137.7668,137.0293,111.5352,197.4324,134.3337
2022-04-01,181.7411,181.8381,174.0061,183.8465,156.4846,136.7528,136.7726,112.2629,197.0987,133.5842
2022-04-04,181.7694,181.8749,173.9915,184.1729,155.8265,136.6776,135.7857,113.4044,198.7497,133.7278
2022-04-05,179.2161,179.3154,171.5035,181.3620,152.5522,135.1716,134.7475,112.9208,195.5927,133.8455
2022-04-06,182.0159,182.1119,174.1031,183.6303,155.2844,136.3466,139.4387,112.3076,196.4129,133.9691
2022-04-07,183.2454,183.3649,174.9283,184.0614,154.6864,136.3228,138.9991,113.1830,198.5838,131.4179
2022-04-08,183.9723,184.0864,175.6367,184.8721,155.3102,136.2591,141.0975,113.3147,199.3882,131.3156
2022-04-11,185.6279,185.7438,177.0933,186.1946,157.2464,137.2855,143.3076,112.7358,199.8384,130.9897
2022-04-12,185.7163,185.8306,177.3825,186.9934,158.8726,137.8326,144.4151,111.7800,197.8426,130.3171
2022-04-13,182.4207,182.5214,174.2160,184.0077,154.8632,136.2671,143.2354,110.7435,194.6010,128.8328
2022-04-14,181.4473,181.5453,173.3298,183.8280,154.1849,134.8404,142.6923,110.2081,193.7259,129.5450
2022-04-15,187.5735,187.6854,178.9526,189.4523,158.8766,138.3186,146.1250,111.8138,200.3816,129.1715
2022-04-18,185.1208,185.2302,176.5971,187.2625,156.3668,136.7052,144.5833,113.1482,199.6542,128.5142
2022-04-19,187.6776,187.7883,179.0479,189.9497,159.1397,137.8656,147.2827,112.6930,201.2003,129.7453
2022-04-20,188.5538,188.6300,180.0456,190.2961,160.9561,138.1842,148.0594,112.7516,202.3703,129.8560
2022-04-21,187.3427,187.3892,178.8846,189.4499,160.0237,136.7207,147.7537,111.9171,201.0078,129.1553
2022-04-22,176.7830,176.8356,169.0106,179.6433,150.0474,129.9614,140.7998,111.3853,191.2868,130.6282
2022-04-25,181.8506,181.9094,173.7081,183.8774,154.6181,133.2664,145.6597,111.4827,196.5359,131.4350
2022-04-26,180.1913,180.2319,172.0560,181.9044,152.1131,132.5435,147.5342,112.1954,195.4771,132.8310
2022-04-27,178.9382,178.9761,170.8708,180.7273,151.0436,132.6981,146.4151,111.4399,193.5072,131.1123
2022-04-28,184.7826,184.8171,176.2669,186.3574,156.5605,136.0131,151.7752,112.2834,200.0991,132.3984
2022-04-29,185.6046,185.6496,176.8611,187.4944,156.7159,136.6635,152.1926,112.4596,201.0753,132.7969
2022-05-02,186.5805,186.5864,177.7880,188.7536,157.5577,137.9509,152.2027,113.4566,202.9353,130.7617
2022-05-03,186.7005,186.6766,177.9990,188.8422,158.6299,138.2735,148.7082,113.0266,203.3571,131.8165
2022-05-04,184.3154,184.3143,175.6243,186.6679,155.4447,135.8062,145.8302,113.0013,201.9721,130.4760
2022-05-05,184.7172,184.7285,175.9415,186.7404,155.2353,136.5133,145.9625,113.6673,202.4967,132.6692
2022-05-06,187.1880,187.2042,178.4550,188.6683,158.9348,139.0460,146.4603,113.0146,203.8019,132.9339
2022-05-09,186.3161,186.3436,177.7551,187.6011,159.0796,138.4840,147.4458,112.7370,202.7899,132.9843
2022-05-10,189.2500,189.2910,180.5379,189.9652,162.1031,139.7587,151.0176,113.8768,206.8897,132.4299
2022-05-11,181.8698,181.8883,173.5653,183.1049,154.2917,135.2938,146.5303,112.7199,199.1985,131.6735
2022-05-12,178.4641,178.4637,170.2950,180.9015,150.6303,133.6375,143.3477,112.1957,196.7024,132.1821
2022-05-13,175.7677,175.7714,167.7206,178.7898,147.4688,131.1785,140.9540,112.7789,195.0732,132.9040
2022-05-16,176.5790,176.5975,168.4725,179.6568,147.8159,131.1424,140.3787,113.1103,195.8581,131.8139
2022-05-17,166.7200,166.7368,159.1641,170.9444,138.1157,124.9036,132.5658,111.4644,185.6827,132.4496
2022-05-18,164.7354,164.7545,157.3524,169.2809,136.7006,123.6469,131.1793,110.5245,182.4959,131.2482
2022-05-19,166.1516,166.1732,158.5973,170.6721,137.1346,124.5748,130.6938,110.4068,182.9044,131.8963
2022-05-20,166.8631,166.8759,159.1797,171.7025,137.6352,124.4954,129.5283,110.1373,183.1835,129.8378
2022-05-23,167.6944,167.7213,160.0489,172.8551,138.1649,126.1272,130.8544,111.2895,184.2897,128.8723
2022-05-24,169.7743,169.7759,162.0240,174.4522,140.1836,127.8083,132.5875,111.5804,186.3511,131.3689
2022-05-25,168.3176,168.3062,160.9601,172.8354,140.9464,126.9866,129.9533,111.6654,185.1088,131.6840
2022-05-26,168.7593,168.7496,161.2814,173.2112,140.8267,126.4339,130.3106,112.3762,186.1353,130.0005
2022-05-27,166.7349,166.7069,159.4141,171.9296,138.9481,125.4510,129.7681,111.3451,183.9285,129.4756
2022-05-30,165.0023,164.9619,157.8146,170.0390,137.3608,124.3581,129.3591,111.3506,182.4734,128.9717
2022-05-31,165.7886,165.7409,158.5678,171.0517,138.2605,124.6864,131.0806,111.4561,184.2365,129.0522
2022-06-01,163.8445,163.7883,156.8217,169.6206,136.4932,123.6158,131.3814,112.2010,184.1215,129.5091
2022-06-02,163.6633,163.6214,156.6567,169.9700,136.4735,123.0204,130.9201,112.9298,184.3125,129.9504
2022-06-03,162.4174,162.3734,155.6805,169.4597,136.3469,122.0497,129.0201,112.5442,182.0400,130.6629
2022-06-06,162.3894,162.3466,155.8194,169.7427,136.7944,121.8952,127.6819,112.9474,182.3842,130.6603
2022-06-07,162.2801,162.2400,155.6623,169.9522,136.4126,121.6449,129.3347,112.7355,181.4720,131.7737
2022-06-08,162.0561,162.0286,155.2543,168.8118,135.1152,121.7664,129.0369,113.6294,182.0322,134.7299
2022-06-09,162.9492,162.9169,156.1640,169.1955,136.7080,122.8642,130.0479,113.3160,182.3733,132.6393
2022-06-10,162.8570,162.8207,155.9690,169.2230,135.6627,122.6084,130.9329,113.5264,183.0028,132.8122
2022-06-13,161.7000,161.6644,154.7854,168.2056,133.5256,122.1792,130.6415,112.5178,180.6428,131.8302
2022-06-14,162.8977,162.8800,156.1364,170.7082,135.8169,123.3448,133.0954,113.2264,183.1842,132.7283
2022-06-15,162.6206,162.6088,155.8961,170.3519,135.4793,123.3998,133.1037,111.7696,181.6640,132.1175
2022-06-16,160.9895,160.9869,154.3426,169.2290,133.5823,121.9623,133.0701,111.4994,180.3402,133.1174
2022-06-17,159.9949,159.9881,153.2873,168.2870,132.5088,120.8206,130.5376,110.1506,178.0147,132.4313
2022-06-20,160.6808,160.6587,154.0299,169.5735,133.4175,119.9489,129.4716,109.7903,178.6636,133.3952
2022-06-21,162.1745,162.1542,155.5130,170.7044,135.8114,121.2694,131.7163,110.8049,180.8169,134.8480
2022-06-22,162.0358,162.0244,155.4356,170.8979,136.3800,120.9124,131.6153,111.0060,181.4058,135.3754
2022-06-23,160.0245,160.0318,153.3262,168.0256,133.4105,119.5765,130.3125,111.0419,180.3698,136.9056
2022-06-24,161.3672,161.3632,154.6912,169.1890,135.8318,120.2761,133.3507,111.3029,181.0744,136.9364
2022-06-27,161.7227,161.7303,154.8919,168.8683,134.9143,120.4729,134.0279,112.2886,181.9284,137.7297
2022-06-28,162.2310,162.2449,155.3564,168.8767,135.1704,120.8934,134.1900,113.8224,183.6656,138.1053
2022-06-29,162.4573,162.4785,155.6221,168.9520,135.4357,121.6048,134.3825,113.2035,183.0706,137.7905
2022-06-30,161.5556,161.5849,154.7696,167.9687,134.2302,121.6135,137.0511,113.7327,183.7810,138.4850
2022-07-01,160.0811,160.0911,153.3613,166.5257,132.6099,119.9922,135.9542,112.3064,180.8718,136.7448
2022-07-04,160.8866,160.9083,154.2172,167.6627,134.1399,120.8730,135.8468,112.4597,181.9930,137.3151
2022-07-05,160.9594,160.9666,154.1825,167.7447,133.7944,120.5713,138.3729,113.0993,182.2994,138.9784
2022-07-06,161.7745,161.7718,155.0992,169.0697,135.4033,121.1940,140.6782,114.8868,186.1273,140.5773
2022-07-07,161.8535,161.8531,155.2173,169.4126,135.7072,120.6287,139.9795,115.1550,186.1195,139.2070
2022-07-08,165.7142,165.7000,158.6186,172.5806,138.0981,122.4717,144.0996,115.4720,190.5680,140.7014
2022-07-11,165.5143,165.5158,158.4287,172.4061,137.6360,122.7906,144.3529,114.7565,189.9822,138.7231
2022-07-12,164.6159,164.6323,157.7337,171.6929,137.6155,122.0638,143.5807,113.4444,189.0888,138.3603
2022-07-13,163.1622,163.1659,156.3605,170.6693,137.5225,121.3495,142.9105,112.0453,186.5768,139.2629
2022-07-14,164.4454,164.4461,157.4894,171.8544,139.3222,121.7513,143.8113,112.2270,187.7201,140.2211
2022-07-15,163.0368,163.0335,156.3499,170.8495,138.9374,120.5291,142.1298,112.0410,186.4190,139.4448
2022-07-18,163.9313,163.9492,157.2308,172.5553,140.9687,121.4733,141.9413,112.0508,188.2196,138.6201
2022-07-19,163.6185,163.6269,156.7648,171.9308,139.4431,121.0406,142.7094,111.8346,187.5260,139.1676
2022-07-20,162.2108,162.2262,155.2988,169.9276,137.2928,119.7804,141.2920,110.9367,184.9887,140.6718
2022-07-21,162.6742,162.6780,155.8120,170.9707,137.7769,119.8991,142.1235,110.9844,185.0754,139.0016
2022-07-22,162.6987,162.7024,155.7605,170.8658,137.4203,120.4929,144.9946,109.6623,183.6860,139.9228
2022-07-25,160.7811,160.7863,154.1147,169.3792,136.8649,119.7692,142.6913,108.4360,179.9993,138.9689
2022-07-26,161.9772,162.0087,155.3566,170.2261,138.7178,120.4801,142.1191,110.1155,182.4934,136.7363
2022-07-27,161.2840,161.3096,154.6610,169.5185,137.9747,119.5416,142.7124,109.7088,182.0804,137.3996
2022-07-28,161.2930,161.3225,154.6715,169.3659,138.1214,119.4447,145.3659,110.4016,182.0851,139.6133
2022-07-29,161.6293,161.6591,154.9889,170.3219,138.4733,120.2832,148.9000,110.0184,184.3597,139.6545
2022-08-01,159.7322,159.7622,153.1900,169.0509,136.3047,120.9972,149.6024,110.0567,182.8067,140.5155
2022-08-02,159.5507,159.5905,153.0310,168.7136,136.6960,120.4931,149.6303,110.8294,183.7628,140.4389
2022-08-03,156.2170,156.2616,149.7820,165.2985,132.6161,118.8695,146.4841,110.4046,179.5116,140.4371
2022-08-04,157.9955,158.0275,151.4053,166.9541,134.3758,119.5524,147.5732,110.9605,181.8828,138.5688
2022-08-05,157.5562,157.5764,150.9253,165.6101,132.6848,119.3269,147.4704,111.0900,181.2363,138.5027
2022-08-08,157.8994,157.9317,151.1258,165.6418,131.8337,120.5321,145.4528,110.3189,181.1028,138.1433
2022-08-09,157.0036,157.0386,150.3034,165.1997,131.3010,119.3182,146.0069,110.1423,180.8059,136.9430
2022-08-10,159.7197,159.7598,152.8953,167.8006,133.8669,121.0198,149.8810,110.2225,183.1034,138.8849
2022-08-11,160.6354,160.6804,153.6124,168.3526,134.6666,121.2705,151.8281,109.0551,182.3763,140.1389
2022-08-12,161.2855,161.3242,154.0784,168.6741,134.3542,121.9113,153.5748,108.5533,181.0950,141.5139
2022-08-15,161.4773,161.5306,154.3772,169.4170,135.1594,122.4270,153.6788,108.3218,180.9508,139.5795
2022-08-16,159.6128,159.6658,152.7191,167.6007,134.3038,120.9741,149.9832,108.3179,179.4063,139.8444
2022-08-17,158.4671,158.5015,151.6438,166.3742,133.0796,120.4561,150.2887,107.2547,177.8002,138.8015
2022-08-18,156.0895,156.1243,149.2771,163.4453,129.6595,118.7561,147.9990,107.7049,175.1791,139.4435
2022-08-19,157.2856,157.3332,150.3398,164.2365,130.5338,119.8911,148.6751,106.5413,175.5195,140.1722
2022-08-22,156.2464,156.2844,149.4056,163.1645,129.2755,119.2371,149.5344,106.1841,173.5072,139.0585
2022-08-23,156.7299,156.7837,149.8055,163.6918,129.6751,119.2908,150.0492,106.6241,174.2531,137.8430
2022-08-24,155.3146,155.3923,148.4221,162.1398,128.1603,117.9558,148.4650,105.7045,172.4444,135.1665
2022-08-25,155.4779,155.5765,148.6092,162.1411,128.2240,118.6684,147.3543,104.5500,171.9993,135.0810
2022-08-26,156.3973,156.4857,149.5348,163.1158,129.1531,120.0609,147.9095,106.1451,173.6455,135.2815
2022-08-29,156.6358,156.7176,149.6547,163.5103,129.0552,120.5000,149.0370,106.6906,174.3936,136.2250
2022-08-30,154.8118,154.8949,147.9230,162.6081,126.6360,119.3815,148.7396,106.4625,172.3463,136.4829
2022-08-31,156.7938,156.8854,149.8576,163.8368,128.6776,121.5059,151.3694,107.2918,174.8937,136.4387
2022-09-01,156.7562,156.8491,149.8632,164.3741,128.7224,120.8330,150.0490,106.8174,174.6138,135.9877
2022-09-02,156.3506,156.4331,149.4339,163.7868,128.6651,120.5353,145.7181,107.5694,174.6260,136.4665
2022-09-05,157.8970,157.9801,150.9097,164.7495,130.3437,120.8690,146.5682,107.1824,176.0245,135.8643
2022-09-06,157.5835,157.6794,150.5973,164.7493,129.3275,120.9903,144.5954,106.3009,174.9828,134.2779
2022-09-07,157.9798,158.0714,150.8690,164.3040,129.1532,121.6849,146.1100,106.2020,174.7188,133.6749
2022-09-08,157.7553,157.8504,150.4471,163.2296,128.1283,121.2895,144.1921,105.5819,174.5500,133.6441
2022-09-09,158.5019,158.5826,151.1577,164.1496,128.6224,121.0812,146.2375,106.0030,175.9290,132.0937
2022-09-12,159.6866,159.8005,152.0893,164.5701,128.7659,122.5310,147.4378,106.2053,176.0269,130.0210
2022-09-13,160.5169,160.6411,152.8940,165.8992,129.7538,122.3383,148.6385,105.1490,176.7012,131.2918
2022-09-14,159.0982,159.2204,151.6671,164.7932,129.3000,122.1802,146.2647,105.3079,174.6599,131.4679
2022-09-15,160.4443,160.5626,152.8114,165.2328,129.8798,123.2075,148.8931,105.1576,174.8835,128.9558
2022-09-16,159.6910,159.8288,152.0867,164.7815,129.1971,122.8077,147.4390,106.2788,176.2209,129.5140
2022-09-19,158.1851,158.3391,150.8982,162.6616,129.3597,122.5993,146.9850,106.2799,174.7599,128.2090
2022-09-20,159.1719,159.3237,151.7340,163.3459,129.7810,123.3533,146.5002,105.5578,175.6569,127.4319
2022-09-21,157.3757,157.5244,150.0552,161.6212,128.0992,122.2894,144.7258,105.2959,174.5357,127.7438
2022-09-22,159.0434,159.1956,151.4815,163.3362,128.5245,122.1793,147.5204,104.9647,176.2579,129.7978
2022-09-23,158.6795,158.8376,151.0906,162.7069,128.1125,122.6390,146.7828,105.1007,175.0689,128.4627
2022-09-26,157.8940,158.0464,150.3950,161.6346,127.3001,122.1434,149.7438,104.3190,173.6673,127.7100
2022-09-27,156.9325,157.0809,149.6236,160.6687,127.7542,121.9867,151.8719,104.4128,173.0866,126.1869
2022-09-28,155.4839,155.6554,147.9606,159.0528,124.2822,121.3146,149.9878,104.7451,172.5755,128.5224
2022-09-29,153.3148,153.5024,146.0434,156.9916,122.9515,120.5425,146.6719,102.9634,169.7463,126.9797
2022-09-30,148.9640,149.1470,142.0076,153.0946,119.1191,117.8268,140.5846,101.9565,164.8672,127.9322
2022-10-03,149.0849,149.2677,142.1739,153.0369,119.5391,118.1563,137.9416,101.5417,163.7665,127.4293
2022-10-04,147.4162,147.6156,140.5863,151.8306,117.7295,117.3671,137.2181,101.8798,162.1781,129.3206
2022-10-05,148.6363,148.8269,141.8222,153.8503,118.8552,117.5732,136.4254,101.7917,163.4145,128.2381
2022-10-06,149.1640,149.3723,142.3808,154.1341,120.3269,118.7054,137.0375,102.9827,165.7962,128.7636
2022-10-07,147.7061,147.9105,140.7875,152.3099,118.1717,117.4031,135.6084,102.6881,164.9529,129.6101
2022-10-10,146.1750,146.3747,139.2268,150.3546,116.5722,116.2648,135.8868,102.7212,162.9100,126.8987
2022-10-11,147.4113,147.6026,140.2885,151.5058,117.2181,116.5022,135.4277,102.3524,163.5089,124.5472
2022-10-12,148.8338,149.0245,141.7553,154.0147,119.0715,117.5245,137.1280,102.2995,164.8041,125.4246
2022-10-13,148.9609,149.1636,141.9571,154.4665,119.7703,116.5299,136.9829,102.0783,164.6521,126.9692
2022-10-14,148.6884,148.8822,141.6901,153.7253,119.3263,116.3382,138.2060,101.8107,163.1899,126.7343
2022-10-17,148.8767,149.0627,141.8378,154.3180,119.8334,116.1102,139.0441,102.3538,163.4395,127.7891
2022-10-18,152.4989,152.6903,145.2077,157.8162,123.3112,118.2149,143.2129,102.1126,166.2102,127.9856
2022-10-19,151.5449,151.7696,144.3443,157.0556,122.5325,117.8229,143.0068,101.9515,166.1457,128.2910
2022-10-20,149.5617,149.7682,142.5418,155.1413,120.8472,116.7792,141.2935,101.6871,163.4907,128.8402
2022-10-21,152.1780,152.3891,144.9910,157.5190,122.9141,117.7807,143.4571,101.8711,166.3302,127.8617
2022-10-24,150.0269,150.2342,143.1034,155.4031,121.4134,116.6188,140.9623,101.8670,164.5328,127.7963
2022-10-25,150.0420,150.2351,143.0382,154.6223,120.7965,116.6525,140.7972,101.3319,164.1377,127.5111
2022-10-26,150.5274,150.7192,143.6192,155.4143,121.8248,117.2602,141.5680,101.4346,164.4611,127.9631
2022-10-27,150.0003,150.1996,143.1818,155.2228,121.6562,116.1605,141.8708,100.9850,163.5773,127.9608
2022-10-28,151.1865,151.3960,144.1186,155.8267,121.6288,116.8375,143.0342,101.0205,165.8439,129.2034
2022-10-31,150.4565,150.6648,143.4575,155.5679,121.3458,115.6887,142.0624,101.1241,165.7671,130.2998
2022-11-01,149.8971,150.1201,142.9311,155.2548,121.1337,115.7388,143.3410,101.1029,165.4916,129.1744
2022-11-02,149.7535,149.9686,142.5868,154.8319,120.2796,115.5766,141.6920,100.8871,165.2370,128.2866
2022-11-03,148.5255,148.7377,141.3975,153.5657,118.7249,114.4925,139.4701,100.9935,163.9598,127.3368
2022-11-04,149.8905,150.1121,142.6114,155.2119,119.7306,115.4546,142.1554,100.7229,164.9401,127.1989
2022-11-07,149.0844,149.2965,141.9203,154.7490,118.6521,115.2423,142.0968,101.0154,165.0163,126.2129
2022-11-08,147.9059,148.1162,140.8146,153.4891,117.3220,114.8363,140.9135,100.8407,163.5581,126.3198
2022-11-09,148.6130,148.8364,141.5966,154.9218,118.9237,114.9095,142.0810,100.0577,163.3546,126.7563
2022-11-10,150.2597,150.4857,143.1916,156.6530,121.0179,114.7321,142.6755,99.9936,163.6497,127.1251
2022-11-11,150.4217,150.6282,143.2617,156.6407,121.0799,114.6815,144.9330,100.7939,164.1936,125.2774
2022-11-14,149.9618,150.1676,142.9160,156.3778,121.8153,114.2238,143.4603,101.1229,164.0604,125.0003
2022-11-15,150.0462,150.2388,143.0291,156.5827,121.6405,113.9334,143.2326,101.1424,165.8303,125.9468
2022-11-16,152.1139,152.3005,144.8315,158.8828,122.7783,115.5117,144.5996,101.0953,168.2224,125.4361
2022-11-17,150.6898,150.8768,143.4792,156.7849,121.7852,114.0439,142.4813,101.4276,167.8376,124.0922
2022-11-18,150.1264,150.3046,143.0658,156.2932,121.7490,113.5243,141.9125,101.4501,167.8596,123.2425
2022-11-21,149.8907,150.0770,143.0093,156.8603,122.2673,114.2332,141.6040,101.7931,167.2963,123.1377
2022-11-22,149.3852,149.5681,142.5826,156.2275,122.1327,114.3418,141.8776,101.6890,166.2855,123.1912
2022-11-23,148.6273,148.8054,141.8787,155.1678,121.2716,113.5152,139.6659,101.1795,165.0239,123.3978
2022-11-24,147.9404,148.1112,141.1709,154.0082,120.4299,113.1483,138.5768,101.4472,164.6946,123.5574
2022-11-25,147.1297,147.3242,140.2696,153.0891,119.4688,113.4986,139.1250,101.7116,165.0625,124.1193
2022-11-28,147.0369,147.2367,140.1783,153.5083,119.2119,113.9078,138.9064,101.6990,165.1875,123.0318
2022-11-29,147.8132,148.0019,140.9214,154.4708,120.3329,114.5183,139.3390,101.0452,165.2174,124.1098
2022-11-30,147.9752,148.1666,141.0155,154.2987,120.0709,114.5638,139.0535,101.3471,165.1486,123.4898
2022-12-01,151.2687,151.4493,144.1136,157.9246,123.6373,116.9234,140.8858,101.8127,169.2529,124.3179
2022-12-02,153.7398,153.9051,146.1740,160.2863,124.5772,118.2687,143.8732,101.7473,170.9086,123.7831
2022-12-05,154.8503,155.0163,147.2830,162.1884,125.4512,118.4154,143.7377,101.9253,172.6378,125.8235
2022-12-06,152.2697,152.4292,144.9164,160.1515,123.2414,117.2530,141.1363,101.6567,169.0913,124.2991
2022-12-07,152.6920,152.8440,145.2837,159.8434,123.4026,116.5730,141.3286,101.4165,169.6629,127.1628
2022-12-08,152.1590,152.3224,144.6833,159.3660,121.7470,115.9502,141.8935,101.3965,169.0859,127.5389
2022-12-09,153.3048,153.4690,145.8773,160.5512,123.5252,116.8179,142.9877,102.2370,170.3067,128.1070
2022-12-12,153.0342,153.1865,145.6706,160.6880,123.9519,116.3533,143.2034,102.7533,170.9181,126.0450
2022-12-13,151.5718,151.7186,144.2028,158.7346,122.6999,115.6048,142.5336,102.7481,169.5638,123.9603
2022-12-14,153.0115,153.1429,145.5667,159.5237,124.2953,116.6226,143.0772,102.5342,170.3078,125.8324
2022-12-15,155.2659,155.3815,147.7124,161.8055,126.8501,118.3571,144.6661,102.7198,173.3230,126.3180
2022-12-16,154.0914,154.2211,146.5833,160.3149,125.5219,118.0899,144.3791,102.8307,172.1582,126.1242
2022-12-19,153.6021,153.7213,146.1768,160.3665,125.6152,118.6623,143.2929,102.6668,170.8774,126.7179
2022-12-20,153.2101,153.3550,145.8533,159.5268,125.1195,117.9918,141.7089,103.4120,170.4564,127.4351
2022-12-21,152.2877,152.4411,144.9683,158.0711,123.8738,117.0637,141.8023,103.0265,168.9073,127.0841
2022-12-22,151.8659,152.0318,144.5713,157.6887,123.6747,116.7705,140.0011,103.2764,169.0176,127.1001
2022-12-23,155.2463,155.4071,147.7342,161.8958,127.1581,117.5098,143.0825,102.6677,172.4019,127.1444
2022-12-26,154.5567,154.7116,146.8884,160.8493,125.5536,117.1617,143.8456,101.9720,171.1131,126.4740
2022-12-27,156.6049,156.7606,148.7541,163.2501,126.9704,118.2681,145.6099,101.5985,173.9551,124.7556
2022-12-28,155.3878,155.5399,147.5980,162.1055,125.5851,117.0715,143.8696,100.9468,172.3518,123.9124
2022-12-29,155.0030,155.1639,147.3225,161.6460,125.3848,116.1131,142.4564,100.7214,171.4207,124.2449
2022-12-30,154.7292,154.9012,147.1412,161.0874,125.7202,116.0474,142.8895,100.5452,172.0698,124.4123
2023-01-02,157.4384,157.5890,149.6499,164.1269,127.9844,117.7656,145.6178,100.8061,174.0476,123.4233
2023-01-03,158.8649,158.9921,151.0722,165.0629,129.9440,118.9777,146.8272,101.0988,175.5993,123.2592
2023-01-04,158.8938,159.0390,151.2350,165.6682,129.9630,118.8082,145.9355,100.9593,175.6944,124.2414
2023-01-05,160.1486,160.2921,152.3415,166.8818,130.5888,119.5610,148.8701,100.4309,176.4321,123.6122
2023-01-06,160.4159,160.5694,152.5419,165.9369,130.7778,120.2729,148.3660,100.0107,175.9394,121.9347
2023-01-09,161.0640,161.2023,153.0171,166.9752,130.5787,120.2232,148.5566,99.7575,175.9205,120.8934
2023-01-10,161.4039,161.5291,153.1875,166.7070,129.8472,120.8268,148.2735,100.4848,177.0852,119.9218
2023-01-11,161.5918,161.7030,153.4973,167.3518,130.4992,120.4944,149.0009,101.0489,178.2313,120.3234
2023-01-12,160.6698,160.7814,152.6283,166.4532,129.0865,119.5811,148.8059,100.6942,176.9801,121.3457
2023-01-13,161.7733,161.8785,153.6050,167.9536,129.6459,120.8022,150.4792,100.3646,177.7926,121.3768
2023-01-16,162.5791,162.6834,154.3673,168.8392,130.4339,121.1891,150.3434,100.6425,179.2864,122.2273
2023-01-17,162.3512,162.4504,154.3025,168.6132,130.9801,121.6535,149.8330,100.7171,178.6657,124.3687
2023-01-18,163.7849,163.8817,155.6585,170.5813,132.3320,123.1364,150.6345,100.3419,180.3384,123.6458
2023-01-19,163.7994,163.8938,155.4865,170.5151,131.5526,123.0735,148.6699,99.7245,179.5395,124.6743
2023-01-20,160.9455,161.0350,152.7277,167.9509,128.1455,122.3262,146.0013,100.0427,177.7137,125.6638
2023-01-23,161.0112,161.0883,152.6749,168.3503,127.1281,121.9661,144.3378,99.5071,176.8685,124.8874
2023-01-24,161.6174,161.7051,153.1692,168.0264,127.2417,122.2672,145.9796,99.4320,175.9950,123.4529
2023-01-25,162.2661,162.3383,153.6022,168.2397,126.7619,122.7861,146.1598,99.5792,176.1748,123.5220
2023-01-26,160.3784,160.4665,151.7797,166.8672,124.9005,120.6010,144.6726,99.5582,174.7032,124.2387
2023-01-27,160.6795,160.8010,152.0589,167.6218,125.2993,120.4831,144.0229,99.1144,174.8138,124.7306
2023-01-30,162.0559,162.1593,153.3533,168.9077,127.0889,121.1634,144.8583,98.9723,176.5879,125.7518
2023-01-31,162.1748,162.2752,153.4277,168.9055,126.9481,120.5747,144.8903,99.0966,177.4951,126.0410
2023-02-01,161.7029,161.7844,153.1387,168.9614,127.6376,120.6190,144.9109,99.4566,177.8215,126.4734
2023-02-02,162.4627,162.5367,153.8267,169.1108,127.9138,121.2577,143.2547,99.8330,178.4727,125.5734
2023-02-03,162.5394,162.6186,153.9573,168.9722,128.3523,121.6331,143.7096,99.3155,178.0540,123.3913
2023-02-06,165.4964,165.5563,156.4984,170.1520,130.4664,123.2511,146.1584,99.3345,180.3954,124.6410
2023-02-07,160.4391,160.5040,151.6877,164.8836,125.4458,119.4592,143.3316,99.9471,176.7357,124.2722
2023-02-08,162.3300,162.4003,153.4863,166.6108,127.8327,120.6725,144.9617,99.6736,178.8667,124.6100
2023-02-09,164.0009,164.0629,155.1219,168.7071,130.5016,121.6545,145.6178,98.4853,178.5198,126.7040
2023-02-10,165.0960,165.1376,156.1493,169.9948,131.6683,121.9058,144.1692,98.5977,179.8174,127.0979
2023-02-13,169.2210,169.2466,160.2184,173.9133,136.7185,124.2953,148.0020,99.3745,184.3034,126.8895
2023-02-14,169.9473,169.9755,160.9049,174.5140,137.8407,124.4006,148.6892,99.2529,184.7093,126.9243
2023-02-15,172.4009,172.4419,163.2667,176.8137,140.9217,126.1092,149.6054,98.9609,186.4586,128.9103
2023-02-16,175.3170,175.3595,165.8873,178.7806,142.3926,127.7632,152.8084,98.9266,188.4489,127.6756
2023-02-17,175.6215,175.6679,166.2341,179.2678,142.8078,128.2872,152.9999,98.9252,188.7555,127.7989
2023-02-20,176.6692,176.7031,166.9816,179.9685,143.1235,129.2296,153.6752,98.9145,189.8033,126.1965
2023-02-21,175.8604,175.9017,166.0707,179.3616,140.8959,129.3654,152.7992,99.0158,189.5753,125.9706
2023-02-22,175.0192,175.0479,165.4083,177.9800,140.6616,128.8708,150.4039,99.1109,188.5186,125.9957
2023-02-23,174.5308,174.5460,165.1370,178.3162,140.8902,129.1110,151.5755,98.8814,186.7308,127.3232
2023-02-24,172.1226,172.1378,163.0471,175.6868,139.2691,127.2857,151.2036,98.8878,184.2798,127.8143
2023-02-27,168.4857,168.4922,159.4685,171.9748,134.5286,125.5890,149.4381,99.2753,181.3680,128.7097
2023-02-28,171.1279,171.1338,162.1419,174.4589,137.9087,127.4317,152.8569,98.9015,183.6777,127.7169
2023-03-01,173.0684,173.1043,163.9984,175.7641,139.4908,129.0663,156.2291,98.8513,185.0512,127.6862
2023-03-02,171.9184,171.9354,162.7719,173.9229,137.4050,129.5039,155.2229,98.7434,184.3469,129.0283
2023-03-03,171.3062,171.3203,162.3503,173.6322,138.5990,129.5500,153.5959,98.5967,183.4840,126.8091
2023-03-06,169.7320,169.7524,160.6510,171.5996,135.7907,128.1674,152.1035,98.6744,181.9929,126.4529
2023-03-07,169.0252,169.0271,159.8368,170.6439,134.0771,127.4731,152.2510,99.0960,182.0420,126.7142
2023-03-08,168.1519,168.1542,159.1546,169.7978,134.0999,126.3753,152.1275,99.3418,180.8458,126.3661
2023-03-09,170.3318,170.3430,161.1842,171.8941,135.4477,127.7987,152.9812,98.9466,183.0893,128.1110
2023-03-10,170.2601,170.2832,160.9432,171.6705,134.5982,127.4900,153.7937,99.6889,184.4523,126.7181
2023-03-13,168.8368,168.8817,159.4479,170.8545,132.6165,126.4800,152.7962,99.3967,181.8530,125.3782
2023-03-14,163.5212,163.5633,154.5112,166.2070,127.7249,123.0319,150.6974,99.5220,177.9474,127.2968
2023-03-15,168.1643,168.1943,158.9512,170.8114,132.3937,125.7510,155.8384,99.7242,181.1699,125.7140
2023-03-16,163.4711,163.4859,154.6429,166.3219,128.6546,122.2363,151.8777,99.5515,177.1995,125.5885
2023-03-17,162.4381,162.4415,153.8375,166.0356,128.8008,121.8420,153.6410,99.0150,176.1820,124.9644
2023-03-20,164.5167,164.5027,155.6401,168.2030,130.0200,123.6980,153.8984,99.5739,178.3579,123.0402
2023-03-21,162.9118,162.9145,153.9821,166.3712,127.9558,123.4671,151.4909,99.5534,176.7216,122.5955
2023-03-22,165.1354,165.1600,156.2118,167.7909,131.1834,124.6831,151.8033,99.9393,178.0004,122.8313
2023-03-23,163.3635,163.3986,154.7386,166.4216,130.5589,122.3470,149.1349,100.5025,176.7781,122.1128
2023-03-24,163.1804,163.2227,154.5997,165.7233,130.0583,122.8249,150.1741,100.9083,177.1364,122.2916
2023-03-27,163.3553,163.3943,154.8550,166.2242,130.6574,123.5088,150.6103,101.6400,178.1819,121.4666
2023-03-28,162.1197,162.1512,153.8275,165.0523,130.5810,124.0169,151.3551,101.5095,176.7340,122.2573
2023-03-29,161.3165,161.3397,153.1452,164.1173,130.1450,123.1841,150.6452,101.6435,174.5450,122.9868
2023-03-30,160.5946,160.6372,152.5751,163.3506,129.2624,123.5284,149.6363,101.3085,173.9293,123.6435
2023-03-31,159.4839,159.5345,151.4796,162.4235,127.9560,122.0096,150.4044,101.3378,173.7670,124.7077
2023-04-03,155.5939,155.6502,148.0023,158.9773,125.0071,120.1993,146.1746,101.6451,171.8493,124.9321
2023-04-04,155.4537,155.5212,147.9531,158.6788,125.1727,120.4198,146.3996,101.2534,171.5359,127.1860
2023-04-05,154.4244,154.4813,147.0305,157.6124,124.5891,119.4772,146.6006,101.6750,171.4454,127.6194
2023-04-06,152.6526,152.7090,145.4495,156.8800,122.7667,118.5706,144.7449,101.6083,170.7114,127.5282
2023-04-07,152.8243,152.8702,145.7022,157.0055,123.1202,119.1922,144.8171,101.4330,170.8965,125.8375
2023-04-10,151.0056,151.0511,143.9928,155.2865,121.4135,117.7171,142.6468,101.2115,168.3837,127.0629
2023-04-11,149.8277,149.8816,142.8422,154.1976,119.9779,118.2453,141.4787,101.5576,166.9899,129.1552
2023-04-12,148.2188,148.2625,141.1799,152.4075,117.2159,117.2334,140.4156,102.0335,166.1953,129.2747
2023-04-13,147.0043,147.0651,139.9947,151.8864,115.9051,117.4473,140.8101,101.3170,164.0008,129.5703
2023-04-14,142.6118,142.6745,136.1145,147.7964,112.8993,114.6968,136.5296,100.7928,159.1896,131.2851
2023-04-17,139.7500,139.8058,133.4964,145.2223,110.5845,112.5044,134.2634,100.6592,156.5755,133.2280
2023-04-18,141.9179,141.9882,135.6780,148.0042,113.0971,114.4159,137.1220,100.5042,158.6249,134.3726
2023-04-19,142.6984,142.7535,136.4204,148.7282,113.5497,115.8844,138.7797,100.4060,159.6147,135.1691
2023-04-20,142.9752,143.0260,136.6448,149.4792,113.7481,116.9646,140.0140,100.2868,160.1040,134.7838
2023-04-21,142.6328,142.6632,136.4906,149.1679,113.6958,117.1541,137.9748,100.0907,159.7777,134.2993
2023-04-24,142.3179,142.3400,136.1912,148.4306,113.2318,116.5223,137.3359,99.8954,159.6209,134.1326
2023-04-25,141.3780,141.4053,135.4435,148.5348,113.2519,115.9752,137.2092,100.3180,159.2114,133.3906
2023-04-26,147.8280,147.8589,141.4243,154.1895,118.8428,120.3083,143.3519,100.1086,164.2792,132.8647
2023-04-27,148.9697,148.9906,142.6558,156.5031,120.8962,121.0896,144.5245,99.6958,164.4675,133.1312
2023-04-28,153.8310,153.8586,147.2321,161.9937,125.3780,123.8853,149.4948,99.5031,168.8195,134.1302
2023-05-01,155.1955,155.2182,148.4718,164.0632,126.7260,124.9450,151.4342,99.7359,171.1882,134.1306
2023-05-02,156.6700,156.7066,149.7800,164.9048,127.0088,126.0162,151.8756,99.9250,171.6250,136.6279
2023-05-03,160.8030,160.8314,153.6723,168.6566,130.7597,128.8567,155.0380,100.1831,175.8240,136.7574
2023-05-04,161.4535,161.4825,154.2568,168.9449,130.8030,130.0829,156.9943,100.0932,176.0309,136.2147
2023-05-05,157.5597,157.5840,150.6452,166.0173,127.3797,127.0001,154.2401,100.2821,173.8215,136.1266
2023-05-08,161.2269,161.2435,154.0546,169.8874,129.9937,130.3421,157.3614,100.4309,177.0728,137.9400
2023-05-09,162.1530,162.1611,154.9349,171.0521,131.0778,130.7696,157.6595,101.0549,178.5130,139.0663
2023-05-10,159.6448,159.6671,152.5130,169.0025,128.2466,128.4552,154.5031,101.2818,177.4029,139.9284
2023-05-11,157.3758,157.3833,150.2482,166.3440,125.8459,127.2642,152.5891,101.5010,175.1945,140.8262
2023-05-12,157.8254,157.8231,150.5890,167.0459,125.6691,127.7243,154.1180,101.6673,175.3012,142.3359
2023-05-15,157.0006,156.9990,149.8096,166.5480,125.2812,128.1896,155.8974,101.4237,174.4206,142.5926
2023-05-16,157.0928,157.0884,149.9308,166.7446,125.4178,128.2655,154.9274,101.2522,174.8797,144.1468
2023-05-17,158.7939,158.8155,151.5186,168.4427,126.9943,129.9568,157.3056,100.9466,176.2964,142.5741
2023-05-18,158.6790,158.6999,151.6440,168.4189,127.4357,130.7195,157.7581,100.8445,176.4760,142.0729
2023-05-19,157.8486,157.8730,150.8642,168.0854,126.0808,130.3192,158.3127,100.9928,175.8813,144.0250
2023-05-22,159.3239,159.3618,152.3882,170.0073,128.0980,130.5839,160.4459,101.5175,178.2805,145.6737
2023-05-23,159.6756,159.7135,152.7700,170.0891,128.7222,131.2843,160.6234,100.8670,177.9559,144.9995
2023-05-24,160.5966,160.6522,153.7626,170.3568,130.8052,131.6791,160.7185,100.4963,177.1889,145.1194
2023-05-25,160.6430,160.6940,153.7378,170.0465,130.7088,131.2446,159.2025,99.7982,176.5965,145.4485
2023-05-26,160.6049,160.6428,153.7359,170.4132,131.1091,130.1860,158.7254,99.0943,176.4354,146.9503
2023-05-29,161.2562,161.3127,154.3009,170.9680,131.2255,130.9317,160.0407,98.3403,175.5997,147.7513
2023-05-30,154.4020,154.4547,147.8263,163.9361,124.5463,126.0815,155.4059,99.4191,169.9885,149.6228
2023-05-31,157.0518,157.1084,150.4139,165.8824,127.9570,127.7766,156.4352,99.7073,171.7336,149.9454
2023-06-01,162.2143,162.2606,155.5101,171.6447,133.6690,130.5835,162.5762,99.6815,177.2298,149.8908
2023-06-02,165.6410,165.6851,158.6722,175.5089,137.0374,133.3697,165.8394,99.6588,181.0637,149.0942
2023-06-05,163.4811,163.5338,156.9254,174.2052,136.8490,131.5425,164.5914,99.1808,178.3105,148.1196
2023-06-06,163.9531,163.9895,157.4035,175.4603,137.7859,132.4380,166.1158,99.4500,178.3286,147.2178
2023-06-07,164.3696,164.4026,157.9969,176.0204,139.9018,132.9801,168.0627,99.1490,177.7714,148.0445
2023-06-08,165.5576,165.5837,159.2262,177.4386,141.1935,132.5556,167.2296,99.1661,179.1843,147.5970
2023-06-09,165.1842,165.1892,158.9983,176.9631,141.6255,131.4789,168.8343,99.0641,178.1625,145.2876
2023-06-12,169.6448,169.6243,163.1482,181.0489,146.0011,134.6233,172.7866,98.2976,181.6589,144.6197
2023-06-13,171.2406,171.2319,164.7364,183.1646,148.1211,135.6178,173.3413,98.2408,183.3392,146.1316
2023-06-14,169.9221,169.8799,163.4094,181.4708,146.4628,135.0133,172.2732,98.5159,181.9827,144.7592
2023-06-15,169.9336,169.8977,163.4986,181.7555,146.3427,135.4178,171.6655,98.7844,181.4605,144.6168
2023-06-16,165.6902,165.6560,159.2617,176.4540,140.5543,132.8355,168.0949,98.8952,177.2707,145.3567
2023-06-19,163.0584,163.0414,156.8757,174.0181,138.1187,130.7212,167.3766,99.2202,175.4231,146.0807
2023-06-20,161.4815,161.4754,155.3360,172.7771,136.9417,129.7974,163.9409,99.3161,174.5999,145.7132
2023-06-21,160.8160,160.8266,154.6661,172.6396,135.6463,130.0554,165.1770,99.2062,174.5095,147.1209
2023-06-22,159.2599,159.2742,153.2739,171.2689,135.2956,129.7223,164.0965,98.9470,172.6553,147.0504
2023-06-23,158.1301,158.1437,152.0999,170.0571,133.6801,129.3162,164.3307,99.4545,172.6569,147.4348
2023-06-26,157.6438,157.6636,151.4522,168.9817,131.8726,129.9771,167.6622,99.4908,171.8839,148.0164
2023-06-27,158.5295,158.5607,152.3274,169.2457,133.7475,129.8291,167.8225,99.6275,171.9614,147.7502
2023-06-28,159.7171,159.7491,153.4688,170.9745,135.2807,131.4549,170.4247,100.0237,173.2893,145.3252
2023-06-29,158.7923,158.8282,152.5254,170.8251,133.9443,131.3148,170.9956,99.5087,172.5786,147.2721
2023-06-30,157.3507,157.3706,151.1951,169.7474,132.8656,129.3126,167.8165,99.9650,170.5295,146.0106
2023-07-03,157.1451,157.1746,150.8482,169.0774,132.0001,129.7901,166.5437,100.5893,170.2130,144.0791
2023-07-04,160.7898,160.8228,154.3622,172.2938,136.0754,132.6594,168.2128,100.3314,173.4402,143.5125
2023-07-05,159.7251,159.7481,153.3716,171.5730,134.3456,132.4588,168.3919,100.2701,172.9471,144.2241
2023-07-06,158.9227,158.9476,152.6565,171.1736,133.8405,132.2595,168.2844,99.8596,172.9976,141.0510
2023-07-07,157.7930,157.8268,151.5801,169.7643,133.1402,131.1434,167.1365,99.6611,172.0241,140.2877
2023-07-10,156.8183,156.8449,150.7070,168.8062,131.9382,130.9867,167.1568,99.7426,170.1291,139.9773
2023-07-11,158.6032,158.6198,152.3344,170.4429,133.2012,131.4333,168.4307,99.7473,171.6488,139.0750
2023-07-12,158.7396,158.7631,152.3878,171.0992,133.0334,130.6655,168.7624,99.0279,171.6328,141.6202
2023-07-13,160.2485,160.2827,153.7908,173.1569,134.7666,131.7396,171.1153,99.6317,173.6801,142.0069
2023-07-14,160.6238,160.6649,154.3432,173.6617,136.1484,132.1070,171.8938,99.5437,174.1991,140.9907
2023-07-17,160.5889,160.6132,154.2585,173.8939,136.4284,131.9565,171.7099,99.2321,174.5197,139.9717
2023-07-18,160.6938,160.7348,154.4423,174.7721,137.5433,131.5238,172.8892,99.6205,175.5030,141.6316
2023-07-19,161.7111,161.7484,155.5211,176.1032,139.4703,131.6719,174.9088,99.7438,176.3485,143.0053
2023-07-20,161.3139,161.3391,155.1661,175.9064,138.8307,131.5416,175.6445,100.2475,176.4837,145.3537
2023-07-21,162.8746,162.9064,156.6654,176.2578,140.7538,132.8316,175.9427,100.2736,177.0155,145.8291
2023-07-24,163.5074,163.5552,157.1047,176.2554,140.5087,132.8270,176.1438,100.2720,178.0052,145.8831
2023-07-25,163.3246,163.3805,156.8019,175.3450,140.0863,132.5824,176.4843,100.3109,177.1473,147.4040
2023-07-26,165.3057,165.3710,158.5647,176.6992,140.9175,133.7103,178.7841,100.2788,178.6664,146.1218
2023-07-27,164.1957,164.2552,157.4417,175.3888,139.5911,133.6404,177.0804,100.2876,177.1465,146.5282
2023-07-28,163.2893,163.3521,156.6927,174.1730,138.5432,133.0965,178.4492,100.2873,176.2609,146.6853
2023-07-31,161.8334,161.9071,155.3224,172.7411,137.0010,132.6238,179.5090,100.6378,176.0925,146.7647
2023-08-01,159.8581,159.9245,153.5530,171.2656,135.1975,130.7273,177.1075,101.0750,174.9293,146.2630
2023-08-02,161.2838,161.3388,154.7765,172.4676,135.7570,132.0036,179.1507,100.9329,177.1684,145.6794
2023-08-03,161.5497,161.5920,154.8081,173.0036,134.7921,132.5649,182.8070,100.3313,177.4003,146.4470
2023-08-04,162.0695,162.1100,155.2034,172.9469,134.5269,131.8512,181.1987,100.6521,178.5916,146.5079
2023-08-07,161.1285,161.1603,154.4459,171.8101,133.9541,131.1073,180.3081,100.4907,175.9021,144.1644
2023-08-08,160.7495,160.7984,154.1045,171.4752,133.6651,130.6936,179.3760,100.5854,175.5491,145.2613
2023-08-09,160.1584,160.1836,153.5261,170.6217,132.9107,130.9024,176.4617,100.8269,174.2353,143.9116
2023-08-10,158.5816,158.5941,152.0812,169.2320,131.4278,129.9789,175.0568,100.6542,173.5866,142.3015
2023-08-11,158.9292,158.9374,152.2525,169.5495,130.9397,130.7320,175.9652,100.6787,173.2476,142.9641
2023-08-14,157.8974,157.9129,151.3052,168.6196,130.0754,130.2933,175.2116,100.7812,172.1251,143.8001
2023-08-15,156.1580,156.1640,149.5669,166.6947,127.1819,129.3807,175.0239,100.2140,170.2058,143.9782
2023-08-16,156.2524,156.2579,149.4755,165.8521,125.8257,129.8550,175.7288,101.6055,171.1667,142.0785
2023-08-17,154.7164,154.7218,148.0037,164.1280,124.1359,129.3288,173.7744,101.6600,171.1834,142.3498
2023-08-18,154.5291,154.5431,147.7544,163.6447,123.4688,128.7926,173.3441,101.6728,170.9834,139.8005
2023-08-21,155.0221,155.0420,148.2950,164.5064,124.4207,128.5294,173.3764,101.8740,171.8107,139.2027
2023-08-22,153.2763,153.2843,146.6297,163.1465,123.1923,127.1853,170.4087,101.6692,169.8892,139.1854
2023-08-23,155.1775,155.1730,148.5326,165.7201,125.5232,128.5026,169.8421,101.6105,171.1667,139.6673
2023-08-24,159.1113,159.0989,152.1625,169.4003,128.4404,131.0686,173.8409,101.2563,174.9287,140.0363
2023-08-25,161.0391,161.0220,154.0318,171.1672,130.7015,133.2629,176.9866,101.1690,177.0008,139.2927
2023-08-28,159.5399,159.5168,152.6348,168.7717,129.4947,131.8759,174.6510,101.3178,175.1299,137.3694
2023-08-29,162.1118,162.1018,154.8147,171.0630,130.5906,132.8612,175.9965,101.0407,177.7692,135.8051
2023-08-30,163.8311,163.8136,156.4689,173.0704,132.5074,134.7092,178.3357,100.8472,179.6242,135.9412
2023-08-31,164.8581,164.8392,157.4354,173.9776,133.1820,135.2082,178.0216,100.7410,179.8274,135.8283
2023-09-01,164.0049,163.9897,156.6037,172.6594,132.6275,135.3638,179.7521,100.4147,178.0774,136.7266
2023-09-04,165.6889,165.6870,158.1971,174.2667,134.7543,135.8747,183.2298,100.7970,180.6543,135.1828
2023-09-05,166.7747,166.7646,158.9654,174.7605,134.1071,136.9190,183.3785,100.0142,180.5785,135.2931
2023-09-06,167.6132,167.6229,159.5665,175.1022,133.9359,138.3186,184.6641,100.3309,181.2862,134.5471
2023-09-07,166.4942,166.4967,158.5586,174.1972,132.8841,136.4470,183.4269,99.7973,179.4906,131.5063
2023-09-08,169.0071,169.0052,161.0076,177.7570,136.3259,137.9677,185.1813,100.4175,181.9793,132.3252
2023-09-11,168.8425,168.8401,160.6031,176.7493,134.9327,138.5566,184.3221,100.3940,181.5869,131.8467
2023-09-12,168.0712,168.0591,159.9572,176.7998,134.0559,138.4386,183.4721,100.9018,182.6160,131.7220
2023-09-13,163.9058,163.8999,156.1407,173.0844,130.6110,135.6012,180.3381,101.0259,179.6299,133.1933
2023-09-14,164.1002,164.0989,156.2470,173.0317,130.0149,134.7518,180.5391,101.0112,179.8000,132.4075
2023-09-15,164.5881,164.5959,156.7796,173.6384,130.5219,135.3401,179.6225,101.5838,181.2496,133.6018
2023-09-18,165.8915,165.9149,158.1357,174.8707,132.0502,135.8831,180.4598,101.3987,182.3723,133.7651
2023-09-19,160.5591,160.5961,153.2414,170.0084,128.0346,131.5660,177.3406,100.9435,177.1886,135.5795
2023-09-20,161.2225,161.2724,153.8824,170.7515,128.2103,131.3791,177.3168,101.2536,178.6865,136.4766
2023-09-21,158.8588,158.9285,151.7642,169.1779,126.3803,129.5387,174.5035,101.8367,177.4806,137.2285
2023-09-22,158.5891,158.6485,151.4783,169.1352,126.3265,128.9725,174.8021,101.3842,177.8030,137.0754
2023-09-25,157.7052,157.7866,150.7685,168.3285,126.2187,128.1243,172.9524,101.4365,176.5120,135.0120
2023-09-26,161.8073,161.9130,154.6035,171.7212,129.6496,131.1382,176.3165,101.7081,180.4103,136.5920
2023-09-27,163.6202,163.6924,156.2599,173.4982,130.5169,132.3167,176.8652,101.3331,181.9916,135.3213
2023-09-28,161.7264,161.7998,154.5224,171.4740,128.9929,131.2965,174.8671,101.4429,180.0249,136.4302
2023-09-29,163.0147,163.0801,155.6978,173.1298,130.1192,132.2364,175.5821,101.3146,181.3268,134.9764
2023-10-02,163.3015,163.3756,155.8275,172.9740,129.9978,132.5812,176.6344,101.0844,180.8993,136.3888
2023-10-03,163.0911,163.1715,155.5780,173.2676,129.5642,133.1806,176.8707,101.0539,180.9456,134.8833
2023-10-04,164.1545,164.2309,156.3787,173.7840,129.7708,134.1141,177.3088,100.9252,182.4663,137.2772
2023-10-05,165.6961,165.7745,157.9647,176.1792,131.4525,134.2525,179.5452,101.3945,184.3283,138.5968
2023-10-06,166.2672,166.3458,158.7182,177.1666,132.7834,135.0045,179.5983,101.7178,184.8148,138.4252
2023-10-09,167.2478,167.2867,159.6455,178.6496,133.8834,135.3781,181.4084,101.7466,186.0790,138.2485
2023-10-10,167.1745,167.2095,159.7786,178.8291,134.8022,135.2795,181.0077,102.4748,186.4130,137.6311
2023-10-11,166.6450,166.6582,159.3778,178.3266,135.0764,135.8016,181.4692,102.7153,186.3940,137.5966
2023-10-12,167.3324,167.3494,160.0920,179.2710,135.8922,136.2194,181.2699,102.5295,187.2417,137.8946
2023-10-13,166.8578,166.8494,159.6692,179.4604,135.2119,135.6620,179.9243,102.4963,187.2266,137.5456
2023-10-16,168.4250,168.4175,161.2466,181.0547,137.2722,137.6194,183.5785,103.1203,188.5717,137.9044
2023-10-17,170.9927,171.0020,163.6426,183.2117,140.3224,139.2505,185.6630,102.9490,190.8151,137.7341
2023-10-18,171.2861,171.3141,163.7749,182.8755,139.7078,139.5950,184.0799,102.8047,191.4241,137.4959
2023-10-19,171.3997,171.4183,163.7429,182.8252,139.5175,139.0883,184.8305,103.0387,192.4885,138.0354
2023-10-20,173.3805,173.4248,165.7230,184.7629,141.3928,141.5824,189.3089,102.7289,193.3964,136.5300
2023-10-23,170.6833,170.7340,163.0930,182.2210,137.8618,138.9812,187.0440,103.2308,190.7034,138.0076
2023-10-24,175.0985,175.1510,167.3813,187.2007,142.5891,142.1140,192.5568,103.0497,195.3733,134.4428
2023-10-25,175.8076,175.8679,168.1672,187.6204,143.7433,142.5087,192.5348,102.9372,195.4703,135.5254
2023-10-26,175.2724,175.3201,167.6219,187.1311,142.8976,142.2802,190.9568,103.0032,195.7803,134.1142
2023-10-27,174.9955,175.0500,167.3595,186.9212,142.3742,142.5306,190.5854,102.8861,194.6122,133.2195
2023-10-30,175.0488,175.0986,167.4661,186.4013,142.8759,142.3949,192.9236,102.9447,194.0747,133.4756
2023-10-31,172.3851,172.4419,164.9810,184.2445,140.8992,140.6438,189.8822,102.7335,191.8317,133.4743
2023-11-01,171.4876,171.5485,164.1151,182.4822,138.7439,139.2644,191.2797,102.8473,190.4391,131.0636
2023-11-02,169.8848,169.9323,162.6006,180.4731,137.2466,137.9697,189.2276,102.7466,188.9041,130.1112
2023-11-03,169.9355,169.9987,162.4889,179.8758,136.1894,138.1334,186.5032,103.2742,189.9600,131.3379
2023-11-06,168.9514,168.9875,161.7275,179.0108,135.7184,137.5369,184.6264,103.5719,189.7160,128.4180
2023-11-07,168.0122,168.0309,160.7949,178.2313,134.7583,136.0646,182.0693,103.5913,189.5103,127.9516
2023-11-08,165.6651,165.6622,158.5180,176.3113,131.7584,134.7461,180.0882,104.3265,188.9901,127.8014
2023-11-09,164.2319,164.2370,157.3312,175.6846,131.3456,133.3541,180.9205,104.6859,188.0899,128.5782
2023-11-10,161.7795,161.7869,155.0506,172.3594,129.6169,131.6397,178.8703,103.9353,184.3997,128.8609
2023-11-13,160.7350,160.7313,154.1819,170.6830,129.5015,130.2567,177.0931,104.6399,183.8435,129.0778
2023-11-14,162.0181,162.0140,155.2418,171.5367,130.0911,130.2888,178.6265,104.8161,186.0350,128.0125
2023-11-15,163.0572,163.0520,156.0911,172.4635,130.8673,131.1972,178.3157,105.1339,187.9815,128.0757
2023-11-16,163.5717,163.5641,156.7501,173.2129,132.2048,131.6294,177.8604,105.1508,189.9220,125.9511
2023-11-17,164.3064,164.3010,157.5096,174.8167,133.6106,132.4984,177.7257,105.0763,190.4895,129.7398
2023-11-20,167.4308,167.4411,160.4660,177.9202,136.3652,134.5075,179.8369,104.0645,193.2462,129.6418
2023-11-21,167.9940,168.0199,161.1155,178.2548,137.6905,134.9062,179.3739,104.4322,194.1866,128.5177
2023-11-22,170.4928,170.5195,163.5210,180.9119,140.5118,136.2860,179.3757,104.4814,196.6268,128.8559
2023-11-23,167.8260,167.8464,160.8552,177.6082,136.8618,134.4285,175.8752,104.6817,194.5802,130.4685
2023-11-24,168.3365,168.3606,161.1388,178.0405,136.8002,134.9059,175.6032,104.4583,195.0357,131.1317
2023-11-27,168.7810,168.8237,161.7543,178.6352,138.4016,135.9613,177.4998,104.8104,195.7467,133.3301
2023-11-28,166.7082,166.7349,159.7854,176.5897,136.5636,134.5621,174.9355,104.7408,193.3049,133.1016
2023-11-29,168.1125,168.1456,160.9595,178.1982,137.4304,135.0135,175.0841,104.5062,195.5735,133.5231
2023-11-30,166.2022,166.2326,159.0209,175.9254,135.1646,133.2190,172.1190,105.0392,194.3536,133.8202
2023-12-01,165.9922,166.0261,158.7918,175.0036,135.3801,133.2797,171.5380,105.0806,193.5145,134.4392
2023-12-04,164.4006,164.4265,157.4270,173.7883,134.8550,131.7578,170.9839,105.4007,192.8926,133.4501
2023-12-05,163.2741,163.3026,156.5789,173.2934,135.0563,131.0422,170.4297,105.9701,193.3037,133.8543
2023-12-06,163.4248,163.4725,156.7967,173.4861,135.4965,130.5321,172.7808,106.4029,193.7921,131.0326
2023-12-07,162.8232,162.8737,156.3728,172.2737,135.3294,129.2312,170.7158,106.4058,192.9364,132.6552
2023-12-08,163.1256,163.1763,156.5266,171.7364,134.8213,129.8436,170.7658,106.8427,192.3608,132.3564
2023-12-11,163.9093,163.9551,157.2418,172.4326,135.6715,131.2325,173.0362,107.2211,193.2814,130.3481
2023-12-12,164.0167,164.0827,157.3537,172.3844,136.2446,131.3257,172.7290,107.3002,193.6347,131.2880
2023-12-13,164.2377,164.2871,157.4485,172.0507,135.9164,131.9935,172.3779,107.1971,193.9578,129.4643
2023-12-14,166.1810,166.2272,159.2895,173.2279,138.2478,133.3333,173.1990,107.2608,195.2677,129.5734
2023-12-15,166.5433,166.5967,159.6074,173.0650,138.8780,132.6754,170.0734,106.2653,193.2813,129.1483
2023-12-18,165.7610,165.7948,158.7856,171.8112,137.2389,132.2380,171.0492,106.4245,192.4846,128.6846
2023-12-19,164.9243,164.9459,157.9828,171.3757,136.7976,132.0032,171.0976,106.5202,192.4903,124.8452
2023-12-20,167.6551,167.6778,160.6028,173.2157,139.3240,132.7568,172.9040,106.7097,195.0534,125.2970
2023-12-21,165.6377,165.6696,158.8166,170.9715,138.2248,131.3464,171.4967,107.0723,192.6146,122.6932
2023-12-22,167.7914,167.8029,160.8011,172.9128,140.8112,132.7498,174.4582,108.3004,195.7726,122.8481
2023-12-25,167.7028,167.7070,160.5395,171.7639,139.2772,132.7376,174.6822,107.9164,195.7075,122.1723
2023-12-26,166.6194,166.6323,159.6411,171.0804,139.6765,132.9877,172.0654,107.4956,194.2808,121.8946
2023-12-27,164.5754,164.5996,157.7793,168.5125,138.1777,131.6971,169.8553,107.5124,192.1576,120.1608
2023-12-28,163.3278,163.3446,156.6866,167.4315,137.3837,130.4806,168.8171,107.8645,191.0935,121.2288
2023-12-29,165.1315,165.1540,158.4590,169.0372,139.2078,131.9306,169.6085,107.8513,192.4425,122.6564
2024-01-01,164.4194,164.4409,157.8258,168.9389,139.0300,131.9933,169.3993,107.6305,191.8207,123.2349
2024-01-02,163.0192,163.0289,156.4284,167.7188,137.6215,130.6429,169.7746,107.4642,189.4883,123.3168
2024-01-03,164.2286,164.2542,157.3615,168.1911,137.6053,131.9529,170.9367,106.9929,190.1746,122.9451
2024-01-04,164.2140,164.2526,157.3793,168.2083,137.8411,131.7202,171.2296,107.3430,190.4799,121.4919
2024-01-05,165.3977,165.4370,158.4861,169.2483,138.9068,132.9373,170.9764,107.1409,191.1213,123.3025
2024-01-08,163.7426,163.7709,157.1144,167.9021,137.4824,131.5074,170.3101,107.3289,190.9657,122.6460
2024-01-09,163.5121,163.5440,156.8350,167.6240,136.9272,131.8568,171.6852,106.6070,190.6773,123.0056
2024-01-10,163.1885,163.2008,156.5311,167.8525,137.1070,130.5845,171.4669,106.2508,190.8136,123.1414
2024-01-11,163.3521,163.3814,156.5721,167.8418,137.1307,130.1614,171.7508,106.1989,191.0434,123.5234
2024-01-12,165.7200,165.7476,158.6437,170.5062,138.6875,131.6713,173.1228,106.7683,194.8080,122.6196
2024-01-15,167.6954,167.6987,160.6971,171.9174,141.4779,132.8584,171.0744,106.9262,195.9282,122.2937
2024-01-16,168.1921,168.1828,161.1824,172.3968,142.0471,133.4372,173.0959,106.8167,197.2375,120.9609
2024-01-17,173.8686,173.8646,166.6134,177.8538,148.1361,138.1502,178.5325,106.3031,201.7336,121.6354
2024-01-18,163.6323,163.6189,157.0085,168.0988,138.1791,131.5071,169.0742,106.2766,192.3771,123.0769
2024-01-19,159.0527,159.0517,152.9032,163.8953,135.3591,129.0180,164.3271,105.8386,186.8687,124.8996
2024-01-22,155.4798,155.4795,149.6592,161.1793,133.2525,126.9481,162.4360,106.0176,183.6626,126.2518
2024-01-23,156.6074,156.6108,150.8628,161.8485,134.7274,127.4148,165.0123,105.9063,184.8606,126.1940
2024-01-24,150.8088,150.8076,145.3937,156.5000,128.7377,123.1866,158.2576,106.1064,179.0895,127.7141
2024-01-25,151.6306,151.6380,146.2471,157.4593,130.7106,123.3659,158.6233,105.5827,178.7217,127.9391
2024-01-26,158.2257,158.2422,152.3909,163.3519,136.6595,127.6587,163.5468,106.1917,185.0479,127.7852
2024-01-29,156.3191,156.3383,150.4726,161.1295,133.4295,126.0154,163.7818,106.4156,183.1852,127.7580
2024-01-30,153.0647,153.0679,147.4360,157.6363,130.9184,123.9629,158.5087,106.6141,179.8914,128.1795
2024-01-31,153.7743,153.7783,148.1647,157.6983,131.9535,123.8658,159.4862,106.9404,180.2934,126.9736
2024-02-01,158.7172,158.7007,152.9194,162.0714,137.3600,127.0959,164.1193,107.3863,185.4868,128.5807
2024-02-02,166.2704,166.2503,160.0689,168.9340,145.2433,131.8848,171.6568,106.7404,192.3350,127.6627
2024-02-05,160.5717,160.5556,154.4571,163.1751,138.4057,128.6674,166.4861,107.3726,187.9527,128.7352
2024-02-06,155.3508,155.3172,149.7319,158.9785,134.6299,124.9795,162.7631,107.1787,183.8422,127.7579
2024-02-07,162.5829,162.5467,156.4966,166.2898,140.8250,130.4200,170.4084,107.3262,191.2223,124.5660
2024-02-08,162.2504,162.2289,156.2653,166.0532,140.6663,129.6789,170.8314,108.0979,191.7274,125.2395
2024-02-09,161.5866,161.5473,155.5716,166.2916,139.7785,128.5231,168.1745,107.8673,191.4860,124.5858
2024-02-12,164.1911,164.1601,158.1134,168.5009,142.5350,130.7052,170.3618,108.4169,194.2337,124.7508
2024-02-13,162.2257,162.2059,156.2269,166.4648,140.5008,130.4879,170.2716,108.6462,191.9422,126.2833
2024-02-14,157.9595,157.9301,152.0321,161.9762,135.5835,127.5191,164.0700,109.2084,188.8252,126.4616
2024-02-15,157.5601,157.5401,151.6048,162.1303,135.0395,127.0787,163.4046,108.8994,189.0994,126.8236
2024-02-16,159.0459,159.0187,153.0882,163.7227,137.8427,127.5361,162.6437,109.0429,190.7306,126.0266
2024-02-19,158.8154,158.7608,152.6322,162.7811,135.9523,127.0981,159.9780,108.9919,190.1856,124.2625
2024-02-20,157.5942,157.5645,151.6129,161.4452,135.5190,126.9901,158.4852,109.3283,189.1402,123.5722
2024-02-21,157.4605,157.4202,151.6465,161.5113,136.4641,127.4371,159.2966,108.9930,188.4264,124.6778
2024-02-22,155.9417,155.9123,150.2662,161.0780,135.3719,126.2933,159.8316,109.4478,187.7663,123.2285
2024-02-23,155.6566,155.6408,149.9850,160.6341,135.1131,126.1988,159.8297,108.5913,186.4259,122.9372
2024-02-26,155.2084,155.1824,149.5385,160.0264,134.6939,125.4090,160.6833,108.5239,185.3632,123.7680
2024-02-27,153.2750,153.2310,147.6563,158.2952,132.6397,124.4052,158.8953,108.7016,184.0692,122.5861
2024-02-28,156.2499,156.2105,150.3127,160.5501,134.6968,126.1694,161.1008,109.1900,187.1070,123.1811
2024-02-29,156.6934,156.6848,150.5342,160.4716,134.0133,126.9675,162.0741,108.7242,186.4041,120.4448
2024-03-01,157.0550,157.0463,150.9439,161.3679,134.7087,127.5014,162.3094,108.8857,187.7993,119.9684
2024-03-04,156.9278,156.9257,150.9031,161.1387,135.4889,127.5648,163.1201,109.6204,188.0825,119.0845
2024-03-05,157.0153,156.9924,151.0641,161.2691,136.1783,126.9382,163.2214,109.0231,186.9533,117.3314
2024-03-06,157.0737,157.0321,151.1001,160.9839,135.7412,127.0964,162.5949,109.3127,185.8508,116.5180
2024-03-07,153.1098,153.0557,147.2240,156.3484,130.6140,124.0564,158.5483,109.1637,181.3966,115.9031
2024-03-08,155.0635,154.9949,149.0046,157.9161,132.1923,125.4935,161.5484,109.0522,183.3235,116.8042
2024-03-11,154.4736,154.4023,148.4627,157.7265,131.9942,124.9090,162.8227,109.1074,182.5099,116.9307
2024-03-12,154.9153,154.8439,148.9122,158.0714,132.4773,125.4798,164.8365,109.1367,182.6046,116.8522
2024-03-13,156.1610,156.1027,150.1606,159.0678,134.0724,126.6682,164.1339,108.4622,183.5723,115.8341
2024-03-14,157.5872,157.5460,151.6045,160.9024,135.8801,127.7249,163.8129,109.1677,185.3189,114.7864
2024-03-15,157.8763,157.8204,151.8967,161.6820,136.1016,129.0325,163.8597,108.3814,184.4418,114.2325
2024-03-18,157.3949,157.3614,151.2695,160.7860,134.1595,128.5773,164.9109,108.5089,183.5916,112.4670
2024-03-19,157.2794,157.2423,151.1331,160.0270,133.4733,127.8596,165.1737,108.9368,184.5261,112.8051
2024-03-20,158.6086,158.5662,152.4244,160.8970,134.7932,128.6677,166.6153,109.5866,186.2316,112.9084
2024-03-21,158.0332,157.9884,151.7724,160.2096,133.6787,128.5360,168.2102,109.8009,185.0576,111.1698
2024-03-22,157.8865,157.8555,151.3858,159.7375,131.5204,128.7668,168.7575,109.7237,183.8224,112.1085
2024-03-25,157.0091,156.9596,150.5193,158.5420,130.7578,128.3842,167.3038,109.9597,182.7887,111.5437
2024-03-26,155.9655,155.9326,149.4427,157.0988,129.3228,128.6182,167.6387,109.7474,182.0949,111.1406
2024-03-27,157.0621,157.0352,150.3490,157.6661,129.9799,128.7967,170.8383,110.0485,182.6010,111.5087
2024-03-28,157.8379,157.8110,151.0113,158.5629,130.4610,128.8855,173.4789,109.8411,182.9859,113.5567
2024-03-29,158.3968,158.3700,151.3732,158.3225,130.7046,129.5149,173.4562,109.8116,183.5373,111.8277
2024-04-01,158.0564,158.0157,151.2567,158.4503,130.9903,129.6634,172.5173,110.1417,183.0946,111.1213
2024-04-02,158.6777,158.6287,151.9666,158.7349,132.2065,130.6280,173.5522,110.5639,183.9092,110.7107
2024-04-03,161.3674,161.3225,154.5077,161.5110,134.7792,132.2194,176.1411,110.4040,186.0803,112.5338
2024-04-04,160.1874,160.1397,153.4427,160.2256,134.4085,130.8939,173.8038,110.4627,185.2680,113.1218
2024-04-05,161.2185,161.1778,154.4417,161.2632,135.5229,131.1392,174.5848,110.2407,186.5005,113.3487
2024-04-08,160.6092,160.5710,153.8020,160.3859,134.2412,131.5417,173.7746,110.4086,185.8631,112.7041
2024-04-09,167.0974,167.0657,160.0034,166.6111,140.3562,135.8794,179.5817,110.0331,191.0475,111.4863
2024-04-10,167.2854,167.2529,160.0774,166.9440,139.9308,135.6926,180.6749,110.3683,191.2702,113.3707
2024-04-11,168.8489,168.8134,161.6253,168.7939,141.5442,137.5535,182.6508,110.4125,192.1191,113.2267
2024-04-12,170.7929,170.7599,163.2774,170.4676,142.5491,138.1258,184.8480,110.3330,191.9610,114.8334
2024-04-15,172.1336,172.0786,164.5586,171.6183,143.8539,139.5433,185.9363,110.6060,193.4872,114.7808
2024-04-16,172.6366,172.5826,164.9515,172.0508,143.7705,140.0385,187.1812,110.8811,194.1415,115.3873
2024-04-17,172.0537,171.9883,164.4642,171.3969,143.7904,140.2217,187.2794,111.4666,194.0785,116.2933
2024-04-18,174.2762,174.2014,166.5283,173.1139,146.3254,141.2680,188.9173,111.3795,195.6669,115.2122
2024-04-19,175.3868,175.3179,167.6320,174.4587,147.4660,142.3679,189.0886,111.9425,198.0512,114.8619
2024-04-22,174.6655,174.6276,166.9722,173.3998,147.0857,142.6708,188.9205,112.5271,197.7050,115.8304
2024-04-23,167.3157,167.2850,160.1419,167.1432,140.0227,137.9516,181.1514,113.2030,191.8981,116.5629
2024-04-24,168.6442,168.6203,161.3175,167.8492,141.1348,139.0721,183.4414,113.5426,192.6529,116.7764
2024-04-25,161.5477,161.5058,154.7757,161.3519,135.1315,134.0020,177.5392,113.7789,187.0057,118.2560
2024-04-26,162.5147,162.4841,155.7542,162.4582,136.5594,135.6653,176.5563,113.3553,187.7728,118.6945
2024-04-29,167.6608,167.6412,160.4584,166.4748,141.0235,138.5621,181.6172,113.4034,192.3907,116.3553
2024-04-30,165.5380,165.5188,158.5741,164.9876,139.2726,137.7394,177.6534,113.0176,189.5155,114.6707
2024-05-01,165.5000,165.4877,158.4913,165.0220,139.4196,137.4922,177.4520,113.2896,190.2205,113.8000
2024-05-02,168.8548,168.8412,161.6715,168.5517,143.0017,139.6708,181.4388,113.5051,194.3323,113.8790
2024-05-03,168.9078,168.8753,161.5749,168.8416,142.2975,139.3817,182.0612,113.2893,194.2136,115.2254
2024-05-06,167.7993,167.7670,160.4706,167.8617,140.4408,138.6276,180.6818,113.6821,195.0068,116.4626
2024-05-07,161.6244,161.5800,154.5015,162.0746,133.6395,134.9202,176.9328,113.7142,189.8880,114.8451
2024-05-08,163.7521,163.7329,156.4106,163.2269,135.4063,136.3855,178.5117,113.8247,191.2916,114.3022
2024-05-09,165.6525,165.6352,158.2599,164.5659,137.5707,137.1362,177.8329,113.8823,193.1452,112.7056
2024-05-10,162.6546,162.6517,155.4612,161.9676,135.0165,135.8571,174.4394,113.5638,190.0396,113.4615
2024-05-13,161.1824,161.1742,154.1620,161.1634,134.1843,133.5526,173.0577,112.5011,188.4033,114.3121
2024-05-14,162.2082,162.1833,155.0405,162.3802,134.3340,133.8664,173.9995,112.0958,189.6877,115.1657
2024-05-15,160.0526,160.0296,152.8190,159.6816,131.4619,132.2895,173.0315,112.3812,186.6759,115.2527
2024-05-16,160.0079,159.9754,152.9471,160.2336,132.8322,132.0556,171.8160,112.7278,186.9875,115.0933
2024-05-17,162.2789,162.2500,154.9411,161.6571,133.7758,133.5793,173.7117,112.5720,188.4359,114.8152
2024-05-20,165.0182,164.9966,157.2988,164.2107,135.3131,135.0957,175.1456,112.7922,192.3881,114.8897
2024-05-21,167.7747,167.7458,159.8021,166.5390,137.5842,136.0446,179.5193,112.9949,195.1164,114.2915
2024-05-22,171.6966,171.6479,163.4982,169.7388,141.0858,139.5763,183.3687,112.8625,198.2076,114.0245
2024-05-23,169.0193,168.9601,160.9198,167.3831,138.2401,138.3291,179.1976,112.9667,195.9689,114.8743
2024-05-24,164.6036,164.5476,156.7620,162.7269,134.3417,135.3213,175.5939,112.7136,189.6339,114.4214
2024-05-27,163.8405,163.7920,155.9276,161.7022,132.5152,134.5321,174.0788,111.8590,187.2741,113.8388
2024-05-28,163.4944,163.4385,155.4889,160.9040,131.0615,134.7824,175.4972,112.6167,186.6450,114.8431
2024-05-29,161.3164,161.2819,153.3702,159.2886,128.8465,133.1525,172.0016,112.4573,183.8340,114.8089
2024-05-30,164.1772,164.1303,155.9903,161.8608,131.3100,135.0810,174.6785,112.0480,185.8382,114.6094
2024-05-31,163.5955,163.5600,155.4840,161.1551,131.1321,134.2325,174.2517,112.4006,185.4620,113.3598
2024-06-03,164.2994,164.2672,156.2666,161.4369,133.3475,135.2437,174.8626,113.2999,186.8874,112.3711
2024-06-04,163.2289,163.2150,155.1885,160.5802,132.0892,134.5588,174.2958,113.4808,186.6336,112.4818
2024-06-05,161.8959,161.8581,153.8474,159.0017,130.2494,133.5999,173.5349,113.7215,184.7007,114.7285
2024-06-06,163.2717,163.2285,155.2750,160.5742,132.2754,134.5204,173.9845,114.4437,186.8448,114.4693
2024-06-07,156.8643,156.8237,149.2421,154.7527,126.5459,130.2572,166.9030,114.8543,182.1046,114.9998
2024-06-10,156.6556,156.6166,149.1006,154.5784,126.6468,130.5072,164.9637,115.6827,183.3049,114.6740
2024-06-11,161.0630,161.0431,153.0897,159.0815,129.5277,133.9302,168.1779,115.0150,186.2566,112.7114
2024-06-12,166.3577,166.3590,157.9850,163.7330,134.2505,137.6319,172.9453,115.0226,191.0063,111.3243
2024-06-13,166.2287,166.2437,158.0269,163.5444,135.1852,136.8699,173.1096,115.3754,191.0241,112.0134
2024-06-14,161.3967,161.4135,153.5763,159.1501,130.7246,133.5816,168.2257,115.9585,186.9212,113.7504
2024-06-17,161.8022,161.8116,153.8327,158.3683,131.1470,133.1198,168.6780,116.0842,187.4956,114.2432
2024-06-18,167.4834,167.5119,159.1422,164.0700,136.5925,137.3010,172.1989,115.6148,193.3792,113.6641
2024-06-19,165.0691,165.1050,156.9260,162.6141,135.0082,136.0350,169.7155,115.6146,191.7869,112.7743
2024-06-20,171.8545,171.8831,163.3862,169.1656,142.7333,141.7379,176.7104,114.9351,197.0864,111.5261
2024-06-21,173.6502,173.6774,165.0147,170.7404,143.5947,143.1425,177.6438,114.8127,199.2447,110.6744
2024-06-24,167.3183,167.3410,159.1122,164.8860,137.0879,138.2764,171.9015,115.1311,193.7868,111.4636
2024-06-25,166.7635,166.7879,158.5546,165.0283,135.7981,137.6548,169.8448,115.5177,194.6147,112.0378
2024-06-26,171.6399,171.6859,163.3426,169.5208,141.5960,141.0044,175.3308,115.6026,198.2393,111.7405
2024-06-27,172.2048,172.2595,163.9026,169.5078,142.2744,141.3360,175.7062,115.5902,198.6785,110.5105
2024-06-28,173.1766,173.2458,164.8829,170.8298,144.5177,140.9722,176.0407,115.3553,200.2887,110.0691
2024-07-01,171.0577,171.1232,162.8341,169.0223,142.2894,139.7740,176.4127,115.3925,198.6346,107.6915
2024-07-02,165.2711,165.3432,157.4188,164.0958,136.8044,135.9183,170.5793,115.0152,192.8726,107.7313
2024-07-03,165.0002,165.0618,157.0884,163.9209,136.1828,136.1224,170.0234,115.0343,193.2727,106.8094
2024-07-04,167.0960,167.1483,159.0017,165.2376,137.6898,137.2757,173.7043,115.4040,194.5003,107.3889
2024-07-05,169.1205,169.1812,160.9547,166.8275,139.7703,139.4874,173.3497,115.0781,196.5897,108.5072
2024-07-08,168.8674,168.9399,160.6170,166.2539,138.7947,138.6027,172.7631,114.7735,194.8311,108.4534
2024-07-09,172.2152,172.2650,163.6797,168.4120,141.3909,141.4050,178.3265,114.3185,196.5459,107.8848
2024-07-10,172.8813,172.9374,164.1896,169.0569,141.6559,142.6373,179.1098,114.3697,197.4385,107.9069
2024-07-11,172.0765,172.1232,163.5672,167.9230,141.0682,142.7344,178.5446,114.8882,196.6029,108.7873
2024-07-12,177.4661,177.5207,168.8785,173.2020,147.7791,147.3385,181.7716,114.5267,202.7079,107.9137
2024-07-15,178.5492,178.6068,169.6554,173.5891,148.2640,147.5575,181.1153,113.8327,202.6503,107.5781
2024-07-16,168.2607,168.3068,159.9649,164.0227,137.9457,140.7878,171.8479,113.6010,192.8042,109.4345
2024-07-17,167.9297,167.9787,159.5631,164.1573,137.5867,140.4888,172.1402,114.5004,193.3666,110.0867
2024-07-18,174.6662,174.7426,165.8941,170.1078,144.1887,144.6783,178.6586,114.1394,199.7252,108.6038
2024-07-19,170.1246,170.2055,161.6634,165.9741,140.0492,141.9096,175.0378,113.9929,194.6840,108.0749
2024-07-22,166.6004,166.6821,158.4292,162.9884,137.2443,139.1698,171.0767,114.1757,191.9658,107.6916
2024-07-23,168.6937,168.7763,160.4596,165.0902,138.9342,141.5229,173.5743,113.9769,194.0869,107.0691
2024-07-24,171.2794,171.3583,162.8016,166.2913,141.3772,143.1332,172.6204,114.3931,196.2277,107.4799
2024-07-25,172.0289,172.1090,163.3588,166.4588,141.2844,143.0687,173.1009,114.2140,196.2061,107.6361
2024-07-26,169.8158,169.9012,161.2442,164.4874,138.9386,142.7339,171.9642,113.7449,193.5793,107.4681
2024-07-29,172.0854,172.1554,163.4735,166.8082,141.6155,144.4689,174.5269,114.0434,197.3319,109.0390
2024-07-30,176.7568,176.8445,168.0934,171.3049,147.8138,148.3509,180.0567,114.9033,202.3482,109.4903
2024-07-31,178.9943,179.0835,170.1089,172.7538,149.2094,150.2709,183.6623,115.3020,203.7768,110.1274
2024-08-01,182.1443,182.2571,173.1276,175.7402,152.8011,152.0539,184.4782,116.3385,207.7358,109.3722
2024-08-02,183.8885,183.9866,174.8426,177.3406,155.0900,153.9727,188.1611,117.1672,209.7533,109.0190
2024-08-05,183.5996,183.6945,174.5490,177.2895,155.2629,153.5466,190.2110,117.4453,210.2788,109.9253
2024-08-06,189.4849,189.6046,180.0839,181.9925,161.3489,158.5407,195.6950,118.2437,217.0691,109.8993
2024-08-07,190.0553,190.1756,180.6048,182.0144,162.2080,160.3034,197.5377,118.0458,216.5170,109.6281
2024-08-08,193.8847,194.0105,184.0235,185.0426,165.4010,163.8464,202.3779,118.6578,220.3678,110.0139
2024-08-09,194.4205,194.5165,184.6842,186.0037,166.3355,164.4121,201.6875,118.9267,221.9122,110.8954
2024-08-12,196.8700,196.9824,186.7051,188.0967,167.1995,166.1497,203.5654,118.9096,224.4410,110.2714
2024-08-13,196.3457,196.4371,185.9261,186.2617,165.0441,165.0165,204.5456,118.9709,223.3796,111.3139
2024-08-14,192.7354,192.8089,182.4758,182.9590,161.4937,162.2431,201.0658,117.8712,219.4538,113.3999
2024-08-15,190.8545,190.9273,180.6648,181.5775,159.8822,160.8640,199.6594,118.3903,218.0432,112.4380
2024-08-16,191.1032,191.1848,180.9174,181.9280,159.7107,161.3305,198.8874,118.1135,219.9278,112.8368
2024-08-19,191.7122,191.7895,181.3588,182.5411,159.1581,160.8493,199.3820,117.8356,220.4437,112.2326
2024-08-20,191.2758,191.3659,181.0771,182.5636,158.9928,160.5664,199.1126,118.3740,219.2120,111.9972
2024-08-21,197.3344,197.4034,186.7166,189.0433,165.1772,165.4028,206.0661,118.4658,224.6292,112.2409
2024-08-22,195.8359,195.9264,185.6069,187.7348,165.6280,163.6873,205.1431,118.8393,223.7889,112.5428
2024-08-23,194.4875,194.5807,184.1805,186.8174,163.1398,162.5860,201.6442,118.8679,222.5570,111.5753
2024-08-26,195.3828,195.4767,184.9413,187.9276,163.4137,163.2235,203.4031,118.4680,221.6417,113.2463
2024-08-27,196.2078,196.2964,185.8727,188.6109,165.4586,163.6065,206.9485,118.3922,220.6568,112.3332
2024-08-28,195.2693,195.3702,185.0402,187.0356,165.3989,163.4949,205.8988,118.3379,218.7679,112.1081
2024-08-29,197.0275,197.1373,186.6876,188.2261,168.0143,164.1949,209.4659,118.4994,221.4800,111.1264
2024-08-30,199.3524,199.4645,188.6752,189.4054,169.0516,166.1298,213.6615,118.6267,224.0344,110.1289
2024-09-02,197.3935,197.4909,186.8720,187.4962,167.4407,164.0858,212.8327,118.3818,222.1621,108.4917
2024-09-03,199.4279,199.5334,188.9154,189.4557,171.0027,165.3686,217.9353,118.5069,223.7722,107.1225
2024-09-04,196.4279,196.5268,186.0945,186.7675,167.5402,162.2942,215.1196,118.9314,219.2974,105.6386
2024-09-05,193.7606,193.8412,183.6469,184.3982,165.3740,161.1393,212.8723,118.9066,216.9275,104.5391
2024-09-06,193.2325,193.3128,183.0690,183.6653,163.9659,160.8548,215.0074,118.6769,215.9077,105.2520
2024-09-09,197.4278,197.5139,186.9810,187.7959,167.9449,163.0957,216.8338,118.7696,220.0155,104.8568
2024-09-10,197.0567,197.1638,186.5314,186.5697,168.1043,163.2251,216.3910,119.2452,219.1159,105.1920
2024-09-11,197.7856,197.8730,187.3099,187.3885,169.8780,163.9777,216.6379,119.5956,220.2755,104.8725
2024-09-12,199.6177,199.6828,189.1153,189.9590,172.2881,164.6576,215.9117,119.4428,221.8971,105.7532
2024-09-13,196.1884,196.2739,185.8065,186.3833,167.7032,161.1194,214.3024,119.4188,216.7200,106.7010
2024-09-16,194.7329,194.8285,184.4029,185.0972,166.3658,159.8382,212.4719,119.7371,216.4075,107.1668
2024-09-17,191.4330,191.5303,181.3499,182.3463,162.9874,155.9887,207.1114,120.4049,214.5076,107.2548
2024-09-18,191.9277,192.0323,181.8601,183.0245,163.5133,156.5325,207.1366,120.8098,215.5248,106.5195
2024-09-19,188.3252,188.4264,178.3840,179.0656,158.9958,154.0298,201.3547,121.0841,212.0782,106.8493
2024-09-20,185.5802,185.6901,175.8364,176.4512,156.6208,152.9836,195.6153,121.3259,210.0403,107.7596
2024-09-23,180.8802,180.9779,171.4816,172.1413,152.3362,149.8042,191.6292,121.0043,203.5792,106.3985
2024-09-24,178.0646,178.1862,168.9767,169.5903,149.7711,147.4770,188.5133,120.9191,201.2441,106.1794
2024-09-25,176.1338,176.2428,167.0602,166.8750,147.5189,145.8724,187.8264,120.7313,198.9876,106.8797
2024-09-26,177.0105,177.1059,167.9376,168.0379,148.8597,146.3445,193.1568,121.3907,200.4557,105.5780
2024-09-27,181.1398,181.2427,171.5136,171.0635,151.6579,149.6598,196.8995,121.9638,205.4530,105.8533
2024-09-30,181.3457,181.4416,171.7052,171.7418,151.5484,149.7915,195.5421,123.4211,207.8982,105.6043
2024-10-01,184.2722,184.3452,174.1946,173.9546,152.4550,153.1318,198.1234,123.6754,211.7473,106.5199
2024-10-02,183.9114,183.9808,173.7069,173.3799,150.9203,152.9297,197.7678,124.1970,211.3630,106.0800
2024-10-03,185.6080,185.6823,175.4846,174.7164,153.5357,154.8163,199.9963,124.4432,213.0378,103.7028
2024-10-04,189.2774,189.3756,178.9194,177.2507,156.8998,156.2912,201.3803,123.5236,214.5801,103.4624
2024-10-07,188.2216,188.3163,177.9694,175.8905,156.1101,155.0805,199.8027,123.6714,212.8958,103.9085
2024-10-08,188.9951,189.0975,178.7360,176.6101,156.4418,154.7799,201.0948,123.3777,213.5158,102.8298
2024-10-09,187.0842,187.1966,176.9598,174.9749,154.5465,154.6281,198.5147,123.3692,211.5656,105.0950
2024-10-10,186.4400,186.5447,176.3311,174.5151,153.1745,154.3684,199.6754,123.6703,212.0533,106.6732
2024-10-11,188.1999,188.3054,177.8060,175.0670,154.1509,157.0030,201.9749,123.7146,211.3106,107.2282
2024-10-14,186.6140,186.7161,176.2105,173.0350,152.4057,155.6185,203.2645,124.0785,209.2082,106.0268
2024-10-15,186.5709,186.6875,176.1408,173.0277,151.3740,156.0589,204.8242,124.2995,208.6966,107.7067
2024-10-16,185.8242,185.9262,175.4865,172.5726,150.4578,156.2927,201.3285,124.3350,208.5897,109.0864
2024-10-17,187.1534,187.2470,176.7879,173.9394,152.3386,157.6861,200.2894,124.5103,209.3000,110.6617
2024-10-18,187.8869,187.9743,177.5423,174.3592,153.2353,156.7681,200.0950,124.0872,209.8498,110.3592
2024-10-21,189.3650,189.4971,178.8658,175.6385,153.7333,157.9202,202.7346,124.0802,211.4320,109.8093
2024-10-22,190.4963,190.6420,179.9787,177.2206,154.9873,157.6508,204.0449,124.3992,212.1477,111.4318
2024-10-23,190.1176,190.2385,179.6834,176.4561,155.0593,157.7240,202.0785,124.6769,212.1781,110.3868
2024-10-24,192.4474,192.5641,181.8278,178.6213,157.6673,159.9078,205.5764,123.9503,213.4828,110.6073
2024-10-25,196.4395,196.5445,185.6411,182.4186,162.0959,162.1480,210.7668,124.7106,217.7155,110.4061
2024-10-28,197.0931,197.1978,186.1739,183.3329,162.3701,162.7609,210.1053,124.6571,217.7825,109.8978
2024-10-29,197.1358,197.2132,186.2944,183.1747,163.1808,163.6388,209.4757,124.3705,217.7218,110.6171
2024-10-30,197.2154,197.3024,186.1801,182.2508,161.7186,164.0387,206.8769,124.9141,217.0950,111.4747
2024-10-31,198.3281,198.4195,187.2912,182.1731,163.9121,165.1124,207.6705,125.2792,217.5099,113.4418
2024-11-01,198.5721,198.6597,187.5797,182.7158,164.7851,165.1050,208.0903,124.9545,217.3434,115.6862
2024-11-04,199.0965,199.1968,188.1048,182.1960,165.4301,166.2224,208.6728,124.8127,216.4547,113.9865
2024-11-05,198.8181,198.9070,187.8917,182.2639,165.3989,166.7963,209.9991,125.1174,216.4671,113.9397
2024-11-06,196.5153,196.6082,185.6404,179.7979,162.2297,165.7467,207.2808,124.9415,214.4505,112.3478
2024-11-07,197.8020,197.9109,186.5822,180.6099,161.9845,167.1676,208.5154,125.2265,216.1855,111.9650
2024-11-08,199.1271,199.2339,187.7811,181.9201,163.3231,168.5324,208.5813,125.2296,216.4027,111.1713
2024-11-11,201.5757,201.6788,189.6591,182.9338,163.2534,169.5052,211.7170,125.2229,219.7364,111.0163
2024-11-12,201.5888,201.6827,189.4334,182.7790,161.8093,169.4388,212.6822,125.4856,220.6847,110.0021
2024-11-13,201.5442,201.6526,189.3989,182.9442,162.0461,169.2517,210.8357,125.4521,220.2619,109.2841
2024-11-14,204.1838,204.2730,191.7481,184.8410,164.3567,171.9250,213.7227,125.3627,221.9538,110.0770
2024-11-15,204.7847,204.8646,192.3475,185.2830,165.4873,173.2784,214.7560,125.2212,224.8232,111.1244
2024-11-18,203.4461,203.5356,191.4496,184.3612,166.6195,171.8208,213.8489,124.8692,223.0196,111.1482
2024-11-19,203.0222,203.0792,191.1461,184.8129,166.2757,171.7301,214.4971,124.4992,221.9310,112.3152
2024-11-20,203.6146,203.6719,191.7704,185.5131,166.7191,173.5069,217.3078,123.5638,221.9842,112.0484
2024-11-21,201.2772,201.3357,189.8298,184.2100,166.3242,171.8322,214.4070,123.4506,220.8542,111.5315
2024-11-22,200.8245,200.8826,189.4085,184.0542,166.2106,171.0021,215.2182,123.8302,220.0039,111.9186
2024-11-25,202.7928,202.8684,191.2243,185.3349,167.5505,171.2564,218.3419,123.7351,221.9659,114.4238
2024-11-26,202.2203,202.3126,190.7917,184.9083,167.8324,170.8926,218.8812,123.6501,221.3718,113.1342
2024-11-27,201.5428,201.6230,190.3126,184.6239,168.5812,171.1041,216.6887,124.1332,220.8462,111.5862
2024-11-28,204.4887,204.5653,193.0048,187.3883,171.0618,172.7900,217.9217,123.9820,223.3628,111.1402
2024-11-29,207.1329,207.2192,195.4289,189.1678,172.6672,174.3078,219.6497,124.1079,225.5016,112.3747
2024-12-02,205.1042,205.1518,193.3907,186.9918,169.8754,172.6648,218.2165,124.1861,222.9002,113.2171
2024-12-03,204.2758,204.3402,192.5873,186.1667,168.8499,172.4252,216.5552,123.7165,222.6503,111.4104
2024-12-04,206.9605,207.0501,195.2120,188.0435,172.4427,175.4504,217.7461,123.9671,224.2483,111.6621
2024-12-05,209.3475,209.4332,197.2163,189.8994,173.8814,177.6155,220.9146,123.7394,227.5346,110.7306
2024-12-06,209.7082,209.7894,197.5560,189.6128,173.6341,178.7495,223.1157,124.3502,228.7788,111.0166
2024-12-09,207.7466,207.8484,195.6376,187.5087,170.9554,178.1658,221.0014,124.7489,226.8652,111.8482
2024-12-10,207.5161,207.6242,195.2821,187.4320,169.3277,177.8913,220.1771,124.8624,225.8417,111.5308
2024-12-11,205.7416,205.8884,193.4005,185.6300,166.1946,176.2904,217.8679,124.4139,223.4652,112.5208
2024-12-12,206.4920,206.6362,193.9264,185.5798,165.8895,177.5481,219.1652,124.1124,223.3573,112.3806
2024-12-13,207.0667,207.2249,194.4555,186.7318,166.2787,178.1580,221.1632,124.1769,224.9239,113.1344
2024-12-16,206.6263,206.7731,193.9402,185.6864,165.2535,177.6189,218.5334,124.4674,225.5980,113.8647
2024-12-17,207.0831,207.2468,194.5529,185.8256,166.8127,177.7365,217.6415,125.3154,226.8901,114.7623
2024-12-18,209.2060,209.3817,196.4059,187.4269,167.7975,179.3961,218.1056,124.6459,227.4843,115.2968
2024-12-19,210.8304,211.0199,197.9109,189.2589,169.9187,181.1525,219.5289,124.4006,229.2457,117.8301
2024-12-20,211.3609,211.5457,198.4771,189.0019,170.6568,180.8993,219.9267,123.9942,230.2151,117.8909
2024-12-23,209.7887,209.9876,197.0622,187.1510,170.1266,178.6736,217.4907,124.9405,228.9281,116.9382
2024-12-24,209.5150,209.6957,196.6971,186.0115,168.3801,178.1131,216.0528,125.0837,228.2344,118.1471
2024-12-25,208.6081,208.7801,195.9090,185.0209,167.8191,177.1842,213.5042,125.5684,226.6616,118.2864
2024-12-26,207.1449,207.3142,194.4794,183.7289,165.6639,176.2928,211.2712,125.5698,225.8609,117.6597
2024-12-27,208.6349,208.8418,195.7549,185.1270,166.0019,178.6190,213.5479,125.4878,227.3669,118.7622
2024-12-30,207.2436,207.4233,194.4219,183.4986,164.3261,176.8906,211.8325,125.7909,225.5183,119.0050
2024-12-31,207.6366,207.7967,194.5894,183.4642,163.8634,177.1858,210.3785,125.5382,225.6118,119.0720
2025-01-01,208.3845,208.5350,195.1919,184.9338,164.8771,176.7372,211.4808,124.8504,225.3364,121.0587
2025-01-02,210.2783,210.4472,196.7624,186.2860,165.8655,177.4886,211.6387,124.7907,227.0408,120.5915
2025-01-03,210.8266,211.0104,197.4430,186.6869,167.1715,177.5972,210.6166,124.0383,226.0167,120.3133
2025-01-06,213.5066,213.7178,200.0146,189.1077,170.1842,180.7153,214.9296,124.2030,227.9183,120.1866
2025-01-07,211.5737,211.8023,198.1517,188.1918,168.4614,180.2377,211.9717,124.5525,227.2993,119.8153
2025-01-08,209.8875,210.0935,196.7924,186.9929,168.1103,179.8107,212.8364,124.9877,225.7183,118.5161
2025-01-09,211.8237,212.0332,198.4779,188.5938,169.6965,181.2461,214.6767,124.6184,227.5365,119.3303
2025-01-10,212.3603,212.5567,199.0048,189.7208,170.5401,180.7500,215.6892,125.2169,230.0667,118.5963
2025-01-13,213.7469,213.9503,200.1760,190.8347,170.1360,182.7563,215.8186,124.7676,231.3708,119.0656
2025-01-14,214.1959,214.3861,200.5027,190.9783,171.2694,182.8508,216.3370,124.9176,231.6886,119.8679
2025-01-15,215.2444,215.4299,201.6757,192.0613,172.5838,183.8952,219.6456,125.3581,232.7911,119.7386
2025-01-16,215.7215,215.8867,202.2303,192.2255,173.8187,184.2961,219.1557,125.5310,233.6507,120.3298
2025-01-17,216.5486,216.7231,202.7745,191.9432,173.1796,184.9442,221.7609,125.1678,233.8708,119.9146
2025-01-20,218.2303,218.4054,204.4047,194.0933,175.0386,186.5456,225.8781,125.4991,235.0562,118.0246
2025-01-21,216.5261,216.6866,202.9632,192.3852,174.4564,184.8725,225.3800,125.2315,232.3246,117.6610
2025-01-22,214.4810,214.6526,200.9329,190.1946,172.4882,183.1852,218.2732,125.1228,230.3569,118.6655
2025-01-23,213.6563,213.8077,200.1173,189.5006,171.8432,183.5892,218.7324,125.1676,230.2877,118.4213
2025-01-24,211.3884,211.5287,197.9408,187.3779,168.9575,181.6585,218.4652,125.5864,227.9887,117.8927
2025-01-27,209.2169,209.3583,195.8010,184.5860,165.8424,181.4796,216.9020,126.2088,227.6676,118.6974
2025-01-28,211.0875,211.2400,197.6351,186.7106,167.3973,183.1216,220.3235,125.6121,227.9044,117.6271
2025-01-29,212.0538,212.2047,198.3832,187.4323,167.4546,183.0809,220.7816,125.8451,228.1465,117.2634
2025-01-30,210.3509,210.4735,196.7285,185.5124,165.8631,181.7922,217.8644,125.9625,227.9566,118.6364
2025-01-31,209.3849,209.5283,196.0239,185.4064,165.9922,181.1669,216.6971,126.1015,227.3335,117.6442
2025-02-03,206.5029,206.6015,193.3061,182.5907,162.5050,178.0642,212.6919,126.1679,225.0517,117.8926
2025-02-04,201.6341,201.7295,188.7499,178.5556,157.8357,174.3349,206.7634,126.1862,221.3633,118.6590
2025-02-05,202.4227,202.5128,189.3539,178.4069,157.0430,175.6407,209.7084,126.1030,222.5432,119.5031
2025-02-06,195.8617,195.9552,183.4739,173.5550,152.3109,172.0815,204.5558,125.5615,216.1495,119.3193
2025-02-07,195.0553,195.1339,182.7599,172.2573,152.0885,172.2738,205.1767,125.6450,214.6752,117.1392
2025-02-10,191.9939,192.0892,179.7860,169.4382,148.8146,169.3380,199.4669,125.6738,211.7640,117.4607
2025-02-11,192.5512,192.6507,180.3292,170.0151,149.4844,169.6531,200.6622,125.8716,212.8175,116.7413
2025-02-12,195.0386,195.1458,182.6897,172.0108,151.9351,171.4283,199.9861,125.9601,213.9631,116.4341
2025-02-13,195.5228,195.6174,183.0870,171.7385,152.5946,171.3839,198.8198,126.2067,214.4714,115.3476
2025-02-14,196.1494,196.2443,183.8545,172.1475,154.0382,169.9044,200.9805,125.7605,214.9702,116.6110
2025-02-17,201.3828,201.4828,188.6518,175.5144,158.2180,173.5770,202.9360,125.7118,218.4000,117.0426
2025-02-18,199.0910,199.1750,186.6789,174.1512,156.8578,171.7969,200.2295,125.2799,214.5211,116.9223
2025-02-19,196.7448,196.8218,184.5689,171.7675,154.9013,170.3680,197.6522,125.3586,211.7122,118.3703
2025-02-20,196.2129,196.2828,184.1465,171.6704,154.7015,171.1949,196.8185,124.8894,210.0435,118.2159
2025-02-21,195.0318,195.1100,183.1831,171.0977,154.0166,170.5614,195.5547,124.5169,209.7520,117.4978
2025-02-24,194.8025,194.8659,183.0554,171.7049,154.1344,169.9640,196.1096,124.3500,209.4361,118.5550
2025-02-25,191.6264,191.6973,180.2027,169.1781,151.3319,167.8897,196.1035,124.2921,206.1167,118.2007
2025-02-26,189.8129,189.8917,178.2840,167.5860,148.5076,166.7349,194.3795,124.3351,205.3619,118.5298
2025-02-27,192.0646,192.1374,180.4435,169.3919,150.7009,168.8318,194.1059,123.7955,207.0121,119.0310
2025-02-28,191.4384,191.4980,179.6313,168.0209,148.7767,170.1643,194.3635,123.5792,206.2858,118.4188
2025-03-03,195.6261,195.6735,183.5936,171.7740,153.1216,172.4772,199.8197,123.1766,209.2412,117.3804
2025-03-04,198.4279,198.4888,186.0632,173.9267,155.1102,174.8746,201.1421,123.6504,212.6937,117.1620
2025-03-05,198.7226,198.7998,186.4495,174.4396,155.9083,174.8120,201.3000,123.9723,214.2290,115.8992
2025-03-06,184.0178,184.0989,172.8719,162.8456,142.7826,163.4513,187.0403,124.0495,201.5630,117.9575
2025-03-07,183.1980,183.2732,172.1773,162.0619,141.5864,162.7201,188.0541,124.5013,200.5663,119.3826
2025-03-10,185.6802,185.7593,174.2965,163.7420,142.6198,164.0771,190.5718,124.4164,201.7220,118.9106
2025-03-11,183.5728,183.6607,172.4634,160.8312,141.1618,162.0033,183.9656,123.8110,197.6682,118.7537
2025-03-12,182.8753,182.9834,171.9879,160.0319,141.1151,160.9987,182.7527,124.2771,196.1995,116.4074
2025-03-13,183.3946,183.4903,172.6514,160.9537,142.9737,160.4489,186.0475,124.9513,198.0459,117.0635
2025-03-14,188.5875,188.6900,177.4421,165.4651,148.2369,163.4799,192.7276,124.3862,202.7936,116.0316
2025-03-17,190.4346,190.5403,179.0421,166.5955,149.7060,165.7438,194.6873,123.9709,203.2093,114.6546
2025-03-18,192.0456,192.1197,180.4272,167.3216,150.5803,165.8329,198.2960,124.5539,204.8223,115.4463
2025-03-19,190.3984,190.4773,179.0898,166.8026,150.7685,163.2664,197.3406,124.5805,203.5274,113.9221
2025-03-20,191.9591,192.0654,180.5566,168.1465,152.6792,164.0754,201.6788,124.2340,205.0573,114.0510
2025-03-21,190.6544,190.7454,179.2454,167.0213,150.4189,162.5736,200.4844,123.8335,204.3697,116.1608
2025-03-24,189.0694,189.1470,177.6118,165.2294,147.6982,162.9659,198.0822,124.0775,202.2560,113.8965
2025-03-25,188.1473,188.2011,176.6574,164.7547,146.2682,161.7012,195.7990,123.2116,199.7343,112.5596
2025-03-26,182.9954,183.0466,171.6194,160.0523,140.5186,157.9322,188.9182,123.2921,195.0629,112.9326
2025-03-27,184.1237,184.1793,172.6043,160.8809,141.4664,158.9112,190.0351,123.9203,195.9361,112.1334
2025-03-28,183.5359,183.5995,171.9955,159.9587,140.9413,158.0219,190.5188,123.9604,194.9539,110.5850
2025-03-31,185.4286,185.4835,173.8831,161.7160,143.5369,159.1023,192.0201,124.3680,197.3940,110.0417
2025-04-01,186.0400,186.0978,174.4864,161.9975,144.7232,159.3156,192.7138,124.5958,196.8945,109.7584
2025-04-02,187.0355,187.0942,175.3390,162.9352,144.8594,159.8074,192.4349,124.9571,197.3245,110.3659
2025-04-03,184.0651,184.1269,172.8050,160.9195,144.0885,156.9903,189.7246,124.7785,194.7854,110.7319
2025-04-04,185.3716,185.4395,173.9295,161.4494,144.7598,157.0141,190.5306,124.7474,195.1614,113.0535
2025-04-07,185.3551,185.4111,173.8401,161.5185,144.6251,155.9513,191.2527,124.0836,194.4910,112.4381
2025-04-08,186.9448,187.0088,175.3162,162.8248,146.1754,157.9874,193.0109,123.6433,195.5768,110.9308
2025-04-09,183.5015,183.5431,171.9879,159.0804,141.9344,156.5516,187.2583,123.8093,192.3802,111.5477
2025-04-10,183.8369,183.8746,172.3915,159.2335,142.2126,155.9931,188.5931,123.4312,193.2864,110.8256
2025-04-11,184.0186,184.0733,172.6312,159.4819,143.2589,157.0911,190.0718,123.8034,193.8211,110.5378
2025-04-14,183.7417,183.7870,172.6030,159.5855,144.9521,156.9774,189.4091,124.0029,194.1519,109.8423
2025-04-15,181.3439,181.3874,170.5481,157.9327,143.9478,154.7114,183.1549,123.7683,192.6527,109.9301
2025-04-16,181.3884,181.4401,170.8425,158.0955,146.0788,153.7375,184.3103,124.6338,193.2510,109.6179
2025-04-17,183.3957,183.4541,172.6502,159.7505,147.8281,155.2531,183.3690,124.0273,194.0265,109.7052
2025-04-18,183.5195,183.5829,172.6889,159.6685,147.2417,155.6154,186.0067,123.3407,193.8430,109.3219
2025-04-21,187.2432,187.3021,175.9872,162.3566,149.2532,157.0162,190.0635,123.1223,197.0513,108.4531
2025-04-22,183.2635,183.3167,172.3622,159.1564,145.5674,153.7701,186.7785,123.5493,194.0023,109.4190
2025-04-23,186.1156,186.1858,174.9630,161.0721,147.5976,155.3534,189.2402,123.3382,195.0087,107.1647
2025-04-24,182.3153,182.3882,171.3884,157.9877,143.8345,151.6525,186.5891,123.5613,191.9882,107.8349
2025-04-25,182.6944,182.7772,172.0240,158.2359,145.1987,151.6796,189.8374,124.1670,192.2822,107.8361
2025-04-28,184.1416,184.2396,173.3961,159.3671,147.4790,152.5485,190.4737,124.3143,193.5760,106.9567
2025-04-29,180.9156,181.0058,170.5742,157.7042,145.7285,150.5500,188.0343,124.5010,190.1786,105.2317
2025-04-30,177.4503,177.5411,167.4191,155.3318,143.9005,149.1409,186.2797,123.9623,186.4127,104.7420
2025-05-01,177.0312,177.1228,167.0666,155.0128,143.9823,148.4730,186.4811,124.2757,185.7617,105.8284
2025-05-02,176.4049,176.5102,166.6823,154.8422,144.8984,147.7545,186.3868,124.2100,183.7978,104.9675
2025-05-05,177.5027,177.6241,167.6669,155.5406,145.6596,147.9802,186.6672,124.1673,184.6355,104.9119
2025-05-06,178.0508,178.1721,168.0449,155.8287,144.8778,149.4794,186.0937,124.6735,185.2885,103.1943
2025-05-07,180.9663,181.0922,170.8748,158.1053,148.8622,151.3351,186.1350,123.6852,186.7576,102.6789
2025-05-08,180.2431,180.3646,170.2469,157.9750,148.7898,150.5940,185.2157,123.8493,186.2408,104.5310
2025-05-09,178.3842,178.5019,168.3853,155.8556,145.9057,149.7876,184.5167,124.6258,184.7032,105.5387
2025-05-12,178.2373,178.3405,168.0587,156.1865,144.4612,149.0736,184.9890,124.6265,184.9439,106.2425
2025-05-13,178.6051,178.7118,168.4956,156.9938,145.9892,149.1055,187.0651,124.7809,186.0526,107.0992
2025-05-14,177.8024,177.8997,167.8177,156.6059,145.5854,148.5228,186.2517,124.7490,185.3133,108.0103
2025-05-15,178.7711,178.8696,168.7081,156.5905,147.1068,149.1375,187.6287,125.2608,186.3343,108.9224
2025-05-16,179.3916,179.4875,169.2433,156.9033,147.1951,149.0050,187.8657,125.3687,187.1730,107.2949
2025-05-19,179.4521,179.5420,169.3382,156.9233,147.6652,149.4594,191.6256,125.8417,187.1485,106.7965
2025-05-20,180.3415,180.4461,170.1477,157.4063,148.8293,151.1661,194.7030,126.2554,188.3303,106.4534
2025-05-21,180.7508,180.8630,170.5362,158.1757,149.1887,151.5976,196.5017,126.2227,188.8620,105.0839
2025-05-22,179.6563,179.7732,169.7103,157.7725,150.2689,151.8638,196.2597,126.6274,188.1372,103.9687
2025-05-23,181.1608,181.2529,170.8953,158.5230,150.2283,153.3606,197.6568,126.5393,188.2292,103.0577
2025-05-26,181.1230,181.2199,170.8650,158.6236,150.2664,154.1352,199.9607,126.2375,188.4679,103.8265
2025-05-27,180.5463,180.6430,170.1886,157.5474,148.6356,153.6840,198.7877,126.1339,186.5205,103.5534
2025-05-28,181.2236,181.2999,170.9544,157.8779,149.3660,154.9707,197.5387,125.3453,185.9434,104.5546
2025-05-29,180.9280,181.0064,170.7159,157.8155,148.8698,155.1060,196.6028,125.6137,186.4481,105.4333
2025-05-30,180.4980,180.5577,170.4269,158.0059,149.2992,153.0957,196.1249,126.5109,187.4985,106.4468
2025-06-02,181.4015,181.4491,171.1620,158.5101,149.3176,154.2920,197.6035,126.3741,188.2534,106.7281
2025-06-03,179.5047,179.5441,169.5455,157.5153,148.6660,152.2070,193.7863,126.2181,187.1883,108.9528
2025-06-04,180.6158,180.6788,170.6412,158.9149,150.2730,152.6119,193.3652,126.3305,187.4917,109.8516
2025-06-05,180.4469,180.5202,170.2120,159.1474,149.0270,151.7265,193.5635,126.6376,188.6542,110.9547
2025-06-06,179.7643,179.8467,169.6091,158.9525,149.0585,150.9498,191.9264,126.2795,188.3414,111.8107
2025-06-09,180.5959,180.6874,170.3740,159.5111,150.2714,151.6403,194.4228,126.2165,188.6877,111.8096
2025-06-10,181.3325,181.4059,171.0314,160.5228,150.8652,152.2640,195.2802,126.4981,190.3933,111.6506
2025-06-11,180.9402,181.0294,170.6824,160.6674,150.5528,151.5271,195.0704,126.9048,190.6938,112.0105
2025-06-12,177.6218,177.7155,167.7444,158.6348,148.3674,148.7946,188.0813,126.4236,187.7996,111.3798
2025-06-13,179.2329,179.3310,169.4476,160.2285,150.8935,148.9321,188.3414,126.4146,188.5652,111.9135
2025-06-16,176.7917,176.8697,167.0411,157.9564,147.3259,147.6607,185.9008,127.4885,186.3218,111.7714
2025-06-17,178.8073,178.8723,168.9011,159.1081,149.2589,148.3861,187.5172,127.9863,187.3985,111.0626
2025-06-18,180.9903,181.0456,171.0094,161.5121,151.9036,149.2778,191.4471,127.8558,189.0193,110.1421
2025-06-19,180.6778,180.7435,170.8723,161.5712,152.2387,148.6365,190.6927,128.1827,188.3648,111.3134
2025-06-20,182.6040,182.6657,172.5118,163.0880,153.2673,149.6807,193.5684,127.8278,189.3265,112.0248
2025-06-23,180.0265,180.0698,170.1960,161.0935,151.1352,147.4227,190.9197,127.6971,187.0333,112.2241
2025-06-24,185.4278,185.4834,175.3165,165.6379,157.2836,151.2171,196.9033,127.5208,192.2946,112.6708
2025-06-25,187.7932,187.8491,177.6944,167.7106,160.7442,152.5497,201.7019,126.9118,193.7420,111.3605
2025-06-26,186.7283,186.7873,176.8143,167.2161,160.4970,152.8048,201.2756,126.9318,192.3992,112.3449
2025-06-27,184.5823,184.6422,174.9783,166.2186,159.4042,150.7058,200.4731,127.2784,190.1444,113.0955
2025-06-30,182.8406,182.8877,173.2791,164.5885,157.0669,149.7860,199.8625,126.4421,187.6059,113.0136
2025-07-01,183.8038,183.8478,174.1799,165.8219,158.4183,150.1095,202.9940,126.4967,189.0767,111.6717
2025-07-02,184.4991,184.5249,174.8913,166.5659,159.5039,150.2099,203.1535,126.2401,189.9404,112.7826
2025-07-03,183.4828,183.5195,173.8123,164.8484,157.5928,148.3161,205.1921,126.4807,189.0248,111.4390
2025-07-04,183.9230,183.9879,174.1844,165.0114,157.9802,147.8266,206.9720,126.9417,189.2834,111.5047
2025-07-07,184.7301,184.7918,174.9324,165.6777,158.8082,148.1364,209.0366,126.3884,190.0640,111.6139
2025-07-08,184.0392,184.0940,174.1109,165.1450,157.6374,148.2826,207.7984,125.7066,188.6979,110.4490
2025-07-09,183.0248,183.0927,173.1584,164.6648,156.6929,147.5731,206.5722,126.5196,188.0161,111.6265
2025-07-10,181.8251,181.8906,172.3031,164.1419,156.5520,147.3640,206.4004,127.1228,187.5604,109.2965
2025-07-11,176.9114,176.9703,167.6613,159.8209,152.0865,144.2456,203.5027,126.2629,183.5596,109.6679
2025-07-14,177.1568,177.2199,167.9036,160.2383,152.2360,143.9611,204.4174,125.8827,184.3368,110.9649
2025-07-15,179.0590,179.1112,169.6952,162.1821,154.2889,146.2735,207.5722,126.5242,186.1654,111.9161
2025-07-16,179.6565,179.7302,170.4549,163.3467,156.2304,147.8968,209.1622,126.4778,187.0611,110.1708
2025-07-17,177.8626,177.9347,168.7618,161.9393,153.9881,147.5653,208.1081,126.9071,185.2716,110.9384
2025-07-18,176.5062,176.5825,167.4154,160.1053,152.0643,147.3600,204.7499,127.5837,184.3710,110.5081
2025-07-21,178.2246,178.3005,168.9646,161.5958,153.3460,147.7021,208.0498,127.3222,185.8087,109.5150
2025-07-22,178.7573,178.8241,169.2927,161.3838,153.4485,148.8928,208.1655,127.3623,185.5920,110.3514
2025-07-23,177.5314,177.6040,168.3776,160.5504,153.1721,148.7584,206.3270,128.2109,185.1560,110.3177
2025-07-24,180.0382,180.1172,171.0103,164.0536,157.6891,150.5311,210.3296,128.0492,186.8532,109.2172
2025-07-25,179.7908,179.8680,170.9103,163.9522,158.6542,149.9939,210.3589,127.5949,185.5996,108.4991
2025-07-28,180.9318,181.0377,171.9602,165.0524,160.3517,150.6181,208.7486,128.1172,187.3326,107.4058
2025-07-29,177.2948,177.4078,168.7656,162.2445,157.0571,147.7282,203.7310,128.2163,184.1065,107.5022
2025-07-30,177.2195,177.3544,168.7468,162.0495,157.5589,147.7081,204.9622,128.5842,184.7894,107.3926
2025-07-31,177.7400,177.8772,169.3983,161.7825,159.2956,148.8465,204.9473,129.0515,184.9161,107.0882
2025-08-01,177.1952,177.3431,168.8462,162.0485,158.7623,148.3314,205.4912,130.3060,185.7929,109.0064
2025-08-04,179.9698,180.0997,171.5685,164.1851,161.6982,149.7767,208.7857,130.1951,188.0083,110.6322
2025-08-05,181.0209,181.1400,172.4526,164.7795,161.8170,151.2060,210.1335,129.8766,188.0356,110.8062
2025-08-06,183.0972,183.2248,174.4711,166.4094,164.2884,153.4277,211.1880,130.2738,189.2258,112.4061
2025-08-07,185.1713,185.2938,176.4357,167.7638,166.6512,155.0236,211.4203,130.0471,190.6619,113.0005
2025-08-08,181.2070,181.3490,172.6498,164.0922,162.3429,152.8165,210.8143,130.2455,187.5454,112.2268
2025-08-11,176.8785,177.0120,168.6950,159.9441,157.9738,149.7923,204.8022,130.4382,182.5713,113.0614
2025-08-12,177.0810,177.2070,168.9894,160.1002,158.8314,151.0622,205.3111,130.5407,182.5648,113.8078
2025-08-13,176.9789,177.1060,168.8863,159.6228,158.6496,150.7749,205.3202,130.8925,183.2077,114.9536
2025-08-14,178.2304,178.3511,169.9709,160.4067,159.1036,151.1384,208.1851,131.3213,183.6998,116.0474
2025-08-15,176.1745,176.2869,168.1989,158.5293,157.7233,149.4613,204.5985,131.1899,181.5716,116.9927
2025-08-18,173.0616,173.1855,165.2284,155.6411,154.3918,147.5607,204.0184,131.0159,178.2916,117.4572
2025-08-19,172.7749,172.9025,165.1069,155.8414,155.4883,146.8387,202.0919,131.7313,178.7896,117.3660
2025-08-20,170.4404,170.5500,162.8428,154.2338,152.7595,144.6467,199.3641,131.6480,177.2277,119.0195
2025-08-21,168.6142,168.7323,161.1906,152.6590,151.0358,144.8008,196.2728,131.4428,176.0746,119.6434
2025-08-22,167.5599,167.6889,160.1445,151.5542,149.2748,144.9647,194.8963,130.7134,174.2678,124.0461
2025-08-25,168.2992,168.4153,160.8134,152.2780,150.7033,144.7071,193.7787,130.7148,174.7857,123.0760
2025-08-26,165.5849,165.6808,158.4031,150.2817,148.9082,142.0244,190.9468,131.1167,173.2349,122.1065
2025-08-27,164.6320,164.7099,157.4570,149.4493,147.5858,141.5731,188.7512,131.9273,172.2595,120.3360
2025-08-28,163.3007,163.3912,156.4126,149.0364,147.4308,140.0027,186.7215,131.8873,171.4102,119.1956
2025-08-29,164.0090,164.0948,157.1290,150.3385,148.6584,140.8807,185.1752,131.0644,171.5121,118.6083
2025-09-01,163.5200,163.5940,156.8659,150.3380,149.1866,141.2601,186.9357,131.2254,171.1427,118.7379
2025-09-02,164.3556,164.4242,157.8928,151.3151,152.1879,140.5825,189.2603,131.5349,171.2359,117.3132
2025-09-03,164.5295,164.5923,158.2247,151.7418,153.7878,140.3813,187.2932,132.5182,172.3476,117.9161
2025-09-04,164.1864,164.2595,157.8398,151.3809,153.4583,139.3154,185.7912,132.6276,172.1076,118.6797
2025-09-05,165.7929,165.8549,159.3817,152.5423,155.2112,140.9674,186.8823,132.8535,174.3354,117.9705
2025-09-08,168.8094,168.8889,161.9810,155.0472,157.3756,143.6722,189.2844,132.6902,176.8887,120.0009
2025-09-09,168.6488,168.7200,161.8838,155.8036,157.4565,143.2564,189.2334,132.6408,177.0944,121.2574
2025-09-10,166.0855,166.1536,159.4193,153.3884,154.2465,141.2994,188.1424,132.1430,174.2730,124.1528
2025-09-11,167.3543,167.4133,160.7929,154.9725,156.6962,141.3579,189.0541,132.0275,175.9548,126.6218
2025-09-12,168.1138,168.1688,161.4014,155.9977,156.5612,141.8735,191.2910,131.5167,177.0193,128.0039
2025-09-15,169.7530,169.8026,162.8699,157.4108,157.9065,143.7114,193.1833,131.8254,178.4578,128.6885
2025-09-16,169.9762,170.0483,163.4324,158.3826,160.4041,144.1966,194.7681,131.6379,178.5554,130.6701
2025-09-17,168.1877,168.2456,161.7069,156.1417,157.8046,143.3424,193.5905,131.2266,176.4417,130.9786
2025-09-18,168.6496,168.7290,162.1911,155.7366,158.4721,143.8477,193.8572,131.7662,176.5550,129.9752
2025-09-19,170.1925,170.2483,163.7940,157.4644,161.3167,145.3009,193.9550,131.1942,178.3096,129.9587
2025-09-22,167.7164,167.7794,161.2872,155.3658,157.6592,143.9695,192.4654,130.9360,176.3300,128.2516
2025-09-23,169.6233,169.6863,163.0458,157.2081,159.3931,145.8709,194.7709,130.8429,177.9720,128.3497
2025-09-24,170.7672,170.8310,164.1017,157.7711,159.9027,146.8410,196.7356,130.6368,178.8862,128.1584
2025-09-25,174.1597,174.2118,167.3378,160.3503,163.7667,148.5312,200.9142,130.6783,181.2082,127.4041
2025-09-26,173.9773,174.0228,167.2178,160.5524,164.4032,148.3108,201.8189,130.9525,180.8867,127.2750
2025-09-29,176.4490,176.4942,169.6300,163.0304,167.8005,149.8052,203.4365,130.6482,183.5633,127.5978
2025-09-30,175.6583,175.6961,168.9972,162.9568,167.4538,149.0748,201.8973,130.3263,182.7122,126.4909
2025-10-01,178.3786,178.4249,171.6375,165.1168,170.1470,150.6046,207.2986,130.4459,185.7517,127.0159
2025-10-02,180.0370,180.0941,173.1981,167.1756,171.1961,151.7216,208.8199,130.3595,187.3463,124.3132
2025-10-03,178.1297,178.2073,171.5828,165.8721,171.0623,149.4326,209.7630,129.8915,186.2316,121.1963
2025-10-06,180.2759,180.3460,173.5617,167.5820,173.0098,150.3344,211.0737,129.6773,187.7025,120.7208
2025-10-07,181.0654,181.1266,174.2049,168.4533,173.0723,150.7500,213.8070,130.2797,189.1768,121.8511
2025-10-08,182.1095,182.1509,175.1349,169.3747,173.7971,151.7689,213.2519,130.1055,190.3095,121.1077
2025-10-09,181.2352,181.2890,174.1852,168.6240,172.1659,151.2965,210.7059,129.6461,188.7528,121.6903
2025-10-10,184.8169,184.9081,177.6494,171.4263,176.4266,154.5560,215.6350,128.8046,191.8014,121.5817
2025-10-13,183.2421,183.3512,176.0827,170.3469,174.5679,154.1979,211.7887,128.1064,190.1369,120.9178
2025-10-14,183.0627,183.1981,175.9494,169.5372,174.6736,152.6864,211.7560,127.4304,188.9827,120.9862
2025-10-15,182.3625,182.5009,175.2648,168.8682,172.9944,152.7323,213.2039,127.7573,188.2634,121.7978
2025-10-16,183.6564,183.7855,176.6266,170.0314,175.3221,153.7946,213.0078,128.0047,189.8287,122.0323
2025-10-17,182.0782,182.2117,175.1181,168.9986,173.7387,151.7323,208.8687,127.7079,188.9554,121.8164
2025-10-20,183.4525,183.6142,176.4147,170.2119,175.5388,152.4850,209.4760,128.3380,190.7829,122.3163
2025-10-21,184.4010,184.5686,177.3219,171.2930,176.5300,153.6924,209.2926,128.5637,191.8631,122.1970
2025-10-22,184.7775,184.9428,177.5326,171.9681,176.5823,154.1475,211.1268,128.4872,191.9696,121.7512
2025-10-23,183.7755,183.9304,176.5541,170.9098,174.9570,152.7492,211.7305,128.5721,191.5865,122.1999
2025-10-24,184.9330,185.0922,177.8393,172.0715,177.9656,153.8581,211.7562,129.1535,192.3539,122.1908
2025-10-27,185.0319,185.1880,177.9404,172.1347,178.5060,153.9807,211.5143,128.6939,192.2262,122.4818
2025-10-28,185.3638,185.4892,178.0986,172.2204,178.0318,155.1863,211.7625,129.0274,193.0135,121.8278
2025-10-29,183.8552,183.9878,176.6837,170.2153,176.5895,153.3405,211.5326,129.1784,191.5709,121.3118
2025-10-30,183.5525,183.7109,176.5533,169.7689,177.1965,152.3901,211.9974,128.6583,190.2464,121.2610
2025-10-31,184.6448,184.7893,177.6769,170.3037,179.4830,153.6980,211.1597,128.8214,191.2467,120.8804
2025-11-03,183.4565,183.6075,176.5100,169.0776,177.3330,152.7676,209.8852,129.3189,190.3722,121.3741
2025-11-04,182.7584,182.9021,175.8160,168.6723,176.3756,151.6928,207.8702,129.6901,190.5421,121.8911
2025-11-05,182.6780,182.8350,175.6802,167.8209,175.6457,150.9588,208.2865,129.8694,190.2990,122.6988
2025-11-06,183.0522,183.2033,176.0964,167.4055,176.6876,151.8864,209.7677,129.6459,190.7459,122.3983
2025-11-07,181.2507,181.4144,174.3234,166.2483,174.4543,151.1488,208.0506,129.3844,189.5379,123.3257
2025-11-10,186.7002,186.8873,179.5506,170.4964,181.1807,154.9793,214.8384,129.8167,193.8444,123.4058
2025-11-11,187.4618,187.6483,180.2779,171.1305,181.9405,156.0651,212.1401,128.8759,193.0823,120.7771
2025-11-12,187.8313,188.0355,180.3877,171.4439,181.5030,156.6173,211.3404,127.7887,193.0784,120.8672
2025-11-13,187.1288,187.3237,179.6107,170.1834,180.7539,156.6649,213.0669,127.5356,192.4657,120.6225
2025-11-14,186.3159,186.5239,178.8868,169.6171,180.6898,155.6181,212.9834,128.0113,193.1913,120.3012
2025-11-17,186.2720,186.4802,178.6491,169.0567,179.2520,154.9754,214.3003,128.3429,193.8404,120.1945
2025-11-18,187.1848,187.3897,179.5082,170.2148,179.5995,155.2187,215.8460,128.7250,194.8470,120.9757
2025-11-19,186.0134,186.2162,178.4303,169.8330,178.5234,154.1982,217.6490,129.1295,193.9003,120.7240
2025-11-20,184.2763,184.4745,176.7155,167.6422,175.9297,153.4017,220.0569,129.3453,192.6779,119.3873
2025-11-21,183.3486,183.5567,176.0419,167.4522,176.1819,152.1308,216.2055,130.1024,192.8120,119.3322
2025-11-24,181.8261,182.0448,174.4757,165.5405,174.2665,151.1434,215.4154,130.8010,191.5923,120.4281
2025-11-25,182.8287,183.0469,175.2847,166.0614,174.0187,150.7642,211.0915,131.0620,192.4820,117.4400
2025-11-26,184.7877,185.0243,177.0009,167.7318,175.3647,152.5492,214.3353,130.1829,194.0016,117.4138
2025-11-27,182.0652,182.2855,174.4484,165.3840,172.9525,150.3465,211.4843,129.8764,191.8574,117.2104
2025-11-28,181.7333,181.9623,174.2413,165.3580,173.1740,149.9398,211.0751,130.2018,192.3974,116.3520
2025-12-01,180.9449,181.1846,173.6156,165.5355,172.4244,149.9048,210.4248,130.7988,191.4454,115.2265
2025-12-02,182.6397,182.8819,175.1994,166.6603,174.0966,150.3229,214.1675,131.0991,192.6435,115.2183
2025-12-03,182.1501,182.4045,174.7724,165.8930,174.1636,148.8500,213.8025,130.1036,191.1420,115.5776
2025-12-04,182.7963,183.0655,175.6854,166.6565,176.5156,148.9223,214.6956,130.2473,191.4477,114.9101
2025-12-05,181.8914,182.1572,174.9378,165.9635,176.2390,147.5237,212.9542,130.8994,191.7794,113.8629
2025-12-08,182.5155,182.7951,175.6827,166.8366,178.4058,147.2077,212.4535,131.0874,191.9501,114.9114
2025-12-09,182.8700,183.1704,176.3240,167.1158,180.7521,147.9137,214.9658,130.6692,192.1526,116.1559
2025-12-10,183.3115,183.5981,176.7913,167.2636,180.8351,149.3739,217.0211,130.4906,192.0011,116.0010
2025-12-11,183.5318,183.8211,177.2089,167.6253,183.1461,149.4470,218.3530,130.8167,191.8518,115.6316
2025-12-12,182.4443,182.7449,176.5047,166.6375,183.7912,148.4348,215.8204,130.4214,189.0646,116.5055
2025-12-15,182.7508,183.0630,176.7750,166.6433,183.3426,149.5027,219.0198,129.8547,189.0779,115.6429
2025-12-16,181.6124,181.9286,175.7008,166.6450,182.0583,147.9769,213.2035,129.6040,188.2745,116.0486
2025-12-17,179.6389,179.9593,173.8245,165.0582,179.6683,146.8376,209.6499,129.4543,186.9413,117.4596
2025-12-18,179.3625,179.6633,173.6482,165.0385,179.6438,146.8166,209.9594,130.0526,187.3692,116.0268
2025-12-19,179.5623,179.8620,173.8492,165.5959,179.5412,146.1136,211.2047,130.3605,188.3079,117.6218
2025-12-22,180.2895,180.5958,174.6160,166.4880,180.6281,146.3221,211.8783,130.4573,189.0663,117.0719
2025-12-23,179.5273,179.8147,173.9474,166.4253,179.2783,144.8274,211.0596,129.1330,187.3215,116.5577
2025-12-24,180.3712,180.6681,174.7821,167.3652,180.5537,146.0372,215.9646,128.6961,187.6806,116.1561
2025-12-25,178.7889,179.1070,173.5929,165.8342,180.6741,145.1130,213.5659,128.4937,185.8896,117.0768
2025-12-26,178.7637,179.0846,173.5663,165.7709,180.1996,144.3868,216.0191,128.5486,186.0101,118.1740
2025-12-29,180.7897,181.1210,175.5992,168.2860,183.9674,145.3672,215.9769,128.2002,187.2022,119.0992
2025-12-30,180.8631,181.1998,175.8368,168.9100,184.9745,145.3427,216.3156,129.1428,187.8154,121.2447
2025-12-31,181.2546,181.6294,176.1870,169.8852,185.5267,145.3324,217.7841,129.6156,189.1766,122.8846
